Title,Artist,ConstituentID,ArtistBio,Nationality,BeginDate,EndDate,Gender,Date,Medium,Dimensions,CreditLine,AccessionNumber,Classification,Department,DateAcquired,Cataloged,ObjectID,URL,ImageURL,OnView,Circumference (cm),Depth (cm),Diameter (cm),Height (cm),Length (cm),Weight (kg),Width (cm),Seat Height (cm),Duration (sec.),ArtMovement
"Rope and People, I",Joan Miró,4016,"(Spanish, 1893–1983)",(Spanish),(1893),(1983),(male),"Barcelona, March 27, 1935","Oil on cardboard mounted on wood, with coil of rope","41 1/4 x 29 3/8"" (104.8 x 74.6 cm)",Gift of the Pierre Matisse Gallery,71.1936,Painting,Painting & Sculpture,1936-10-16,Y,33621,https://www.moma.org/collection/works/33621,https://www.moma.org/media/W1siZiIsIjE2MDU0NiJdLFsicCIsImNvbnZlcnQiLCItcmVzaXplIDEwMjR4MTAyNFx1MDAzZSJdXQ.jpg?sha=ea1e5604fed56470,,,,,104.8,,,74.6,,,surrealism
Fire in the Evening,Paul Klee,3130,"(German, born Switzerland. 1879–1940)",(German),(1879),(1940),(male),1929,Oil on cardboard,"13 3/8 x 13 1/4"" (33.8 x 33.3 cm)",Mr. and Mrs. Joachim Jean Aberbach Fund,153.1970,Painting,Painting & Sculpture,1970-04-08,Y,34854,https://www.moma.org/collection/works/34854,https://www.moma.org/media/W1siZiIsIjE3Njc2NyJdLFsicCIsImNvbnZlcnQiLCItcmVzaXplIDEwMjR4MTAyNFx1MDAzZSJdXQ.jpg?sha=77b1ea76b2522ccf,,,,,33.8,,,33.3,,,surrealism
Portrait of an Equilibrist,Paul Klee,3130,"(German, born Switzerland. 1879–1940)",(German),(1879),(1940),(male),1927,Oil and collage on cardboard over wood with painted plaster border,"24 7/8 x 15 3/4"" (63.2 x 40 cm)",Mrs. Simon Guggenheim Fund,195.1966,Painting,Painting & Sculpture,1966-04-12,Y,35209,https://www.moma.org/collection/works/35209,https://www.moma.org/media/W1siZiIsIjE3OTI4NSJdLFsicCIsImNvbnZlcnQiLCItcmVzaXplIDEwMjR4MTAyNFx1MDAzZSJdXQ.jpg?sha=3fb4d8c53ba82b6d,,,,,60.3,,,36.8,,,surrealism
Guitar,Pablo Picasso,4609,"(Spanish, 1881–1973)",(Spanish),(1881),(1973),(male),"Paris, early 1919","Oil, charcoal and pinned paper on canvas","7' 1"" x 31"" (216 x 78.8 cm)",Gift of A. Conger Goodyear,384.1955,Painting,Painting & Sculpture,1955-12-28,Y,36613,https://www.moma.org/collection/works/36613,https://www.moma.org/media/W1siZiIsIjUxNjY3NiJdLFsicCIsImNvbnZlcnQiLCItcmVzaXplIDEwMjR4MTAyNFx1MDAzZSJdXQ.jpg?sha=d798f8110591108a,,,,,215.9,,,78.7,,,surrealism
"Composition in White, Black, and Red",Piet Mondrian,4057,"(Dutch, 1872–1944)",(Dutch),(1872),(1944),(male),Paris 1936,Oil on canvas,"40 1/4 x 41"" (102.2 x 104.1 cm)",Gift of the Advisory Committee,2.1937,Painting,Painting & Sculpture,1937-01-15,Y,78310,https://www.moma.org/collection/works/78310,https://www.moma.org/media/W1siZiIsIjI2NTc5NiJdLFsicCIsImNvbnZlcnQiLCItcmVzaXplIDEwMjR4MTAyNFx1MDAzZSJdXQ.jpg?sha=5be41d1b44a043ed,"""MoMA, Floor 5, 512""",,,,102.2,,,104.1,,,Symbolism
Girl before a Mirror,Pablo Picasso,4609,"(Spanish, 1881–1973)",(Spanish),(1881),(1973),(male),"Paris, March 14, 1932",Oil on canvas,"64 x 51 1/4"" (162.3 x 130.2 cm)",Gift of Mrs. Simon Guggenheim,2.1938,Painting,Painting & Sculpture,1937-12-17,Y,78311,https://www.moma.org/collection/works/78311,https://www.moma.org/media/W1siZiIsIjIwMzk0MCJdLFsicCIsImNvbnZlcnQiLCItcmVzaXplIDEwMjR4MTAyNFx1MDAzZSJdXQ.jpg?sha=ce18fbf31c41a4f0,"""MoMA, Floor 5, 517""",,,,162.3,,,130.2,,,surrealism
Woman with a Mandolin,Georges Braque,744,"(French, 1882–1963)",(French),(1882),(1963),(male),1937,Oil on canvas,"51 1/4 x 38 1/4"" (130.2 x 97.2 cm)",Mrs. Simon Guggenheim Fund,2.1948,Painting,Painting & Sculpture,1948-03-17,Y,78315,https://www.moma.org/collection/works/78315,https://www.moma.org/media/W1siZiIsIjE1MTI0NiJdLFsicCIsImNvbnZlcnQiLCItcmVzaXplIDEwMjR4MTAyNFx1MDAzZSJdXQ.jpg?sha=a642e720365b40d2,,,,,130.2,,,97.2,,,Cubism
L'Estaque,André Derain,1500,"(French, 1880–1954)",(French),(1880),(1954),(male),1906,Oil on canvas,"13 7/8 x 17 3/4"" (35.3 x 45.1 cm)",Acquired through the Lillie P. Bliss Bequest (by exchange),6.1951,Painting,Painting & Sculpture,1951-01-30,Y,78371,https://www.moma.org/collection/works/78371,https://www.moma.org/media/W1siZiIsIjQ2ODczMiJdLFsicCIsImNvbnZlcnQiLCItcmVzaXplIDEwMjR4MTAyNFx1MDAzZSJdXQ.jpg?sha=0b68a02c7f735a03,,,,,35.3,,,45.1,,,Cubism
Shimmering Substance,Jackson Pollock,4675,"(American, 1912–1956)",(American),(1912),(1956),(male),1946,Oil on canvas,"30 1/8 x 24 1/4"" (76.3 x 61.6 cm)",Mr. and Mrs. Albert Lewin and Mrs. Sam A. Lewisohn Funds,6.1968,Painting,Painting & Sculpture,1968-01-10,Y,78376,https://www.moma.org/collection/works/78376,https://www.moma.org/media/W1siZiIsIjIwMzUzOSJdLFsicCIsImNvbnZlcnQiLCItcmVzaXplIDEwMjR4MTAyNFx1MDAzZSJdXQ.jpg?sha=3c10521163c207f7,,,,,76.3,,,61.6,,,abstract expressionism
Still Life,Henri Matisse,3832,"(French, 1869–1954)",(French),(1869),(1954),(male),"Paris, early 1899",Oil on canvas,"18 1/8 x 15"" (46 x 38.1 cm)",Gift of A. Conger Goodyear,7.1949,Painting,Painting & Sculpture,1949-02-03,Y,78380,https://www.moma.org/collection/works/78380,https://www.moma.org/media/W1siZiIsIjUxNzg3NCJdLFsicCIsImNvbnZlcnQiLCItcmVzaXplIDEwMjR4MTAyNFx1MDAzZSJdXQ.jpg?sha=8330fda2c284d489,,,,,46.0,,,38.1,,,impressionism
Painting,Philip Guston,2419,"(American, born Canada. 1913–1980)",(American),(1913),(1980),(male),1954,Oil on canvas,"63 1/4 x 60 1/8"" (160.6 x 152.7 cm)",Philip Johnson Fund,7.1956,Painting,Painting & Sculpture,1956-06-06,Y,78383,https://www.moma.org/collection/works/78383,https://www.moma.org/media/W1siZiIsIjE3NDQwNCJdLFsicCIsImNvbnZlcnQiLCItcmVzaXplIDEwMjR4MTAyNFx1MDAzZSJdXQ.jpg?sha=6beb6d17118161f9,,,,,160.6,,,152.7,,,abstract expressionism
"One: Number 31, 1950",Jackson Pollock,4675,"(American, 1912–1956)",(American),(1912),(1956),(male),1950,Oil and enamel paint on canvas,"8' 10"" x 17' 5 5/8"" (269.5 x 530.8 cm)",Sidney and Harriet Janis Collection Fund (by exchange),7.1968,Painting,Painting & Sculpture,1968-01-10,Y,78386,https://www.moma.org/collection/works/78386,https://www.moma.org/media/W1siZiIsIjQ3ODMxNyJdLFsicCIsImNvbnZlcnQiLCItcmVzaXplIDEwMjR4MTAyNFx1MDAzZSJdXQ.jpg?sha=8e1103091f54a82d,"""MoMA, Floor 4, 401""",,,,269.5,,,530.8,,,abstract expressionism
Soda,Georges Braque,744,"(French, 1882–1963)",(French),(1882),(1963),(male),"Paris, spring 1912",Oil on canvas,"14 1/4"" (36.2 cm) in diameter",Acquired through the Lillie P. Bliss Bequest (by exchange),8.1942,Painting,Painting & Sculpture,1942-01-27,Y,78387,https://www.moma.org/collection/works/78387,https://www.moma.org/media/W1siZiIsIjQwMDg1NiJdLFsicCIsImNvbnZlcnQiLCItcmVzaXplIDEwMjR4MTAyNFx1MDAzZSJdXQ.jpg?sha=6533e135a554f64d,,,,,36.2,,,,,,Cubism
The Red Studio,Henri Matisse,3832,"(French, 1869–1954)",(French),(1869),(1954),(male),"Issy-les-Moulineaux, fall 1911",Oil on canvas,"71 1/4"" x 7' 2 1/4"" (181 x 219.1 cm)",Mrs. Simon Guggenheim Fund,8.1949,Painting,Painting & Sculpture,1949-02-03,Y,78389,https://www.moma.org/collection/works/78389,https://www.moma.org/media/W1siZiIsIjQ5OTUxMCJdLFsicCIsImNvbnZlcnQiLCItcmVzaXplIDEwMjR4MTAyNFx1MDAzZSJdXQ.jpg?sha=256885141dcaaf8f,"""MoMA, Floor 5, 506""",,,,181.0,,,219.1,,,impressionism
Target with Four Faces,Jasper Johns,2923,"(American, born 1930)",(American),(1930),(0),(male),1955,Encaustic on newspaper and cloth over canvas surmounted by four tinted-plaster faces in wood box with hinged front,"Overall, with box open, 33 5/8 x 26 x 3"" (85.3 x 66 x 7.6 cm); canvas 26 x 26"" (66 x 66 cm); box (closed) 3 3/4 x 26 x 3 1/2"" (9.5 x 66 x 8.8 cm)",Gift of Mr. and Mrs. Robert C. Scull,8.1958,Painting,Painting & Sculpture,1958-02-19,Y,78393,https://www.moma.org/collection/works/78393,https://www.moma.org/media/W1siZiIsIjUxODAzMiJdLFsicCIsImNvbnZlcnQiLCItcmVzaXplIDEwMjR4MTAyNFx1MDAzZSJdXQ.jpg?sha=1e6d1e8ce98e3ba3,,,,,66.0,,,66.0,,,Neo-Dada
Green Target,Jasper Johns,2923,"(American, born 1930)",(American),(1930),(0),(male),1955,Encaustic on newspaper and cloth over canvas,"60 x 60"" (152.4 x 152.4 cm)",Richard S. Zeisler Fund,9.1958,Painting,Painting & Sculpture,1958-02-19,Y,78401,https://www.moma.org/collection/works/78401,https://www.moma.org/media/W1siZiIsIjE1MTUzNyJdLFsicCIsImNvbnZlcnQiLCItcmVzaXplIDEwMjR4MTAyNFx1MDAzZSJdXQ.jpg?sha=1eca69b57fe21217,,,,,152.4,,,152.4,,,Neo-Dada
Running White,Ellsworth Kelly,3048,"(American, 1923–2015)",(American),(1923),(2015),(male),1959,Oil on canvas,"7' 4"" x 68"" (223.6 x 172.2 cm)",Purchase,9.1960,Painting,Painting & Sculpture,1960-02-10,Y,78403,https://www.moma.org/collection/works/78403,https://www.moma.org/media/W1siZiIsIjE1MTUzOCJdLFsicCIsImNvbnZlcnQiLCItcmVzaXplIDEwMjR4MTAyNFx1MDAzZSJdXQ.jpg?sha=e466a1c82d9d7bbf,"""MoMA, Floor 5, 516""",,,,223.6,,,172.2,,,abstract art
White Numbers,Jasper Johns,2923,"(American, born 1930)",(American),(1930),(0),(male),"July 29, 1957",Encaustic on canvas,"34 x 28 1/8"" (86.5 x 71.3 cm)",Elizabeth Bliss Parkinson Fund,10.1958,Painting,Painting & Sculpture,1958-02-19,Y,78412,https://www.moma.org/collection/works/78412,https://www.moma.org/media/W1siZiIsIjE1MDE5MSJdLFsicCIsImNvbnZlcnQiLCItcmVzaXplIDEwMjR4MTAyNFx1MDAzZSJdXQ.jpg?sha=ef9ae1ec7808037e,,,,,86.5,,,71.3,,,Neo-Dada
Still Life I,Joan Miró,4016,"(Spanish, 1893–1983)",(Spanish),(1893),(1983),(male),"Montroig and Paris, July 1922-spring 1923",Oil on canvas,"14 7/8 x 18 1/8"" (37.8 x 46 cm)",Purchase,11.1939,Painting,Painting & Sculpture,1939-01-06,Y,78417,https://www.moma.org/collection/works/78417,https://www.moma.org/media/W1siZiIsIjE1MDk5MCJdLFsicCIsImNvbnZlcnQiLCItcmVzaXplIDEwMjR4MTAyNFx1MDAzZSJdXQ.jpg?sha=abe4b18636f3c9ee,,,,,37.8,,,46.0,,,surrealism
Exit the Ballets Russes,Fernand Léger,6624,"(French, 1881–1955)",(French),(1881),(1955),(male),1914,Oil on canvas,"53 3/4 x 39 1/2"" (136.5 x 100.3 cm)",Gift of Mr. and Mrs. Peter A. Rübel (partly by exchange),11.1958,Painting,Painting & Sculpture,1958-02-19,Y,78420,https://www.moma.org/collection/works/78420,https://www.moma.org/media/W1siZiIsIjQ3ODMxMyJdLFsicCIsImNvbnZlcnQiLCItcmVzaXplIDEwMjR4MTAyNFx1MDAzZSJdXQ.jpg?sha=4a023173c6bcfe59,"""MoMA, Floor 5, 503""",,,,136.5,,,100.3,,,Cubism
Still Life II,Joan Miró,4016,"(Spanish, 1893–1983)",(Spanish),(1893),(1983),(male),"Montroig and Paris, July 1922- spring 1923",Oil on canvas,"15 x 18"" (38.1 x 45.7 cm)",Purchase,12.1939,Painting,Painting & Sculpture,1939-01-06,Y,78421,https://www.moma.org/collection/works/78421,https://www.moma.org/media/W1siZiIsIjE1MTAxMCJdLFsicCIsImNvbnZlcnQiLCItcmVzaXplIDEwMjR4MTAyNFx1MDAzZSJdXQ.jpg?sha=94a7e1c44b36c9c1,,,,,38.1,,,45.7,,,surrealism
Pierrot,Pablo Picasso,4609,"(Spanish, 1881–1973)",(Spanish),(1881),(1973),(male),"Biarritz, 1918",Oil on canvas,"36 1/2 x 28 3/4"" (92.7 x 73 cm)",Sam A. Lewisohn Bequest,12.1952,Painting,Painting & Sculpture,1952-01-22,Y,78427,https://www.moma.org/collection/works/78427,https://www.moma.org/media/W1siZiIsIjE1MTAxMiJdLFsicCIsImNvbnZlcnQiLCItcmVzaXplIDEwMjR4MTAyNFx1MDAzZSJdXQ.jpg?sha=4986718072a786db,,,,,92.7,,,73.0,,,surrealism
Night Fishing at Antibes,Pablo Picasso,4609,"(Spanish, 1881–1973)",(Spanish),(1881),(1973),(male),"Antibes, August 1939",Oil on canvas,"6' 9"" x 11' 4"" (205.8 x 345.4 cm)",Mrs. Simon Guggenheim Fund,13.1952,Painting,Painting & Sculpture,1952-01-22,Y,78433,https://www.moma.org/collection/works/78433,https://www.moma.org/media/W1siZiIsIjE1MTAyMyJdLFsicCIsImNvbnZlcnQiLCItcmVzaXplIDEwMjR4MTAyNFx1MDAzZSJdXQ.jpg?sha=6da3bf62103a09e7,"""MoMA, Floor 5""",,,,205.8,,,345.4,,,surrealism
Vocal Fabric of the Singer Rosa Silber,Paul Klee,3130,"(German, born Switzerland. 1879–1940)",(German),(1879),(1940),(male),1922,"Watercolor and ink on plastered fabric mounted on board, with watercolor and ink borders","24 1/2 x 20 1/2"" (62.3 x 52.1 cm)",Gift of Mr. and Mrs. Stanley Resor,13.1955,Painting,Painting & Sculpture,1955-04-06,Y,78434,https://www.moma.org/collection/works/78434,,,,,,62.3,,,52.1,,,surrealism
Composition in Oval with Color Planes 1,Piet Mondrian,4057,"(Dutch, 1872–1944)",(Dutch),(1872),(1944),(male),1914,Oil on canvas,"42 3/8 x 31"" (107.6 x 78.8 cm)",Purchase,14.1950,Painting,Painting & Sculpture,1950-01-06,Y,78441,https://www.moma.org/collection/works/78441,https://www.moma.org/media/W1siZiIsIjE1MTAzOCJdLFsicCIsImNvbnZlcnQiLCItcmVzaXplIDEwMjR4MTAyNFx1MDAzZSJdXQ.jpg?sha=00b0c8a788c46a22,,,,,107.6,,,78.8,,,Symbolism
"Personage, with Yellow Ochre and White",Robert Motherwell,4126,"(American, 1915–1991)",(American),(1915),(1991),(male),1947,Oil on canvas,"6' x 54"" (182.8 x 137 cm)",Gift of Mr. and Mrs. Samuel M. Kootz,15.1957,Painting,Painting & Sculpture,1957-02-27,Y,78450,https://www.moma.org/collection/works/78450,https://www.moma.org/media/W1siZiIsIjE1MTA0OCJdLFsicCIsImNvbnZlcnQiLCItcmVzaXplIDEwMjR4MTAyNFx1MDAzZSJdXQ.jpg?sha=c871b532579ad534,"""MoMA, Floor 4, 402""",,,,182.8,,,137.0,,,abstract expressionism
Bather,Henri Matisse,3832,"(French, 1869–1954)",(French),(1869),(1954),(male),"Cavalière, summer 1909",Oil on canvas,"36 1/2 x 29 1/8"" (92.7 x 74 cm)",Gift of Abby Aldrich Rockefeller,17.1936,Painting,Painting & Sculpture,1936-01-14,Y,78464,https://www.moma.org/collection/works/78464,https://www.moma.org/media/W1siZiIsIjE2OTAwOSJdLFsicCIsImNvbnZlcnQiLCItcmVzaXplIDEwMjR4MTAyNFx1MDAzZSJdXQ.jpg?sha=08cd04effad7feb9,,,,,92.7,,,74.0,,,impressionism
Still Life -- Glove and Newspaper,Joan Miró,4016,"(Spanish, 1893–1983)",(Spanish),(1893),(1983),(male),"Paris, February-March 1921",Oil on canvas,"46 x 35 1/4"" (116.8 x 89.5 cm)",Gift of Armand G. Erpf,18.1955,Painting,Painting & Sculpture,1955-04-06,Y,78471,https://www.moma.org/collection/works/78471,https://www.moma.org/media/W1siZiIsIjE1MTA4OCJdLFsicCIsImNvbnZlcnQiLCItcmVzaXplIDEwMjR4MTAyNFx1MDAzZSJdXQ.jpg?sha=8d0a3d05ffb9064e,,,,,116.8,,,89.5,,,surrealism
"No. 16 (Red, Brown, and Black)",Mark Rothko,5047,"(American, born Russia (now Latvia). 1903–1970)",(American),(1903),(1970),(male),1958,Oil on canvas,"8' 10 5/8"" x 9' 9 1/4"" (270.8 x 297.8 cm)",Mrs. Simon Guggenheim Fund,21.1959,Painting,Painting & Sculpture,1959-03-02,Y,78485,https://www.moma.org/collection/works/78485,https://www.moma.org/media/W1siZiIsIjE1MTExMiJdLFsicCIsImNvbnZlcnQiLCItcmVzaXplIDEwMjR4MTAyNFx1MDAzZSJdXQ.jpg?sha=2c6cc055f7bc8fa7,"""MoMA, Floor 4, 403""",,,,270.8,,,297.8,,,abstract expressionism
The World War had caused a great shortage in Northern industry and also citizens of foreign countries were returning home,Jacob Lawrence,3418,"(American, 1917–2000)",(American),(1917),(2000),(male),1940-41,Casein tempera on hardboard,"12 x 18"" (30.5 x 45.7 cm)",Gift of Mrs. David M. Levy,28.1942.1,Painting,Painting & Sculpture,1942-01-27,Y,78526,https://www.moma.org/collection/works/78526,https://www.moma.org/media/W1siZiIsIjMwNTAxNiJdLFsicCIsImNvbnZlcnQiLCItcmVzaXplIDEwMjR4MTAyNFx1MDAzZSJdXQ.jpg?sha=dcabe3815220c864,"""MoMA, Floor 5, 520""",,,,30.4801,,,45.7201,,,social realism
In many of the communities the Negro press was read continually because of its attitude and its encouragement of the movement,Jacob Lawrence,3418,"(American, 1917–2000)",(American),(1917),(2000),(male),1940-41,Casein tempera on hardboard,"18 x 12"" (45.7 x 30.5 cm)",Gift of Mrs. David M. Levy,28.1942.10,Painting,Painting & Sculpture,1942-01-27,Y,78528,https://www.moma.org/collection/works/78528,https://www.moma.org/media/W1siZiIsIjMwNTAxNyJdLFsicCIsImNvbnZlcnQiLCItcmVzaXplIDEwMjR4MTAyNFx1MDAzZSJdXQ.jpg?sha=e0f176271f83c5e0,"""MoMA, Floor 5, 520""",,,,45.7200914402,,,30.4800609601,,,social realism
"Another of the social causes of the migrants' leaving was that at times they did not feel safe, or it was not the best thing to be found on the streets late at night. They were arrested on the slightest provocation",Jacob Lawrence,3418,"(American, 1917–2000)",(American),(1917),(2000),(male),1940-41,Casein tempera on hardboard,"12 x 18"" (30.5 x 45.7 cm)",Gift of Mrs. David M. Levy,28.1942.11,Painting,Painting & Sculpture,1942-01-27,Y,78529,https://www.moma.org/collection/works/78529,https://www.moma.org/media/W1siZiIsIjMwNTAxOCJdLFsicCIsImNvbnZlcnQiLCItcmVzaXplIDEwMjR4MTAyNFx1MDAzZSJdXQ.jpg?sha=07be91762bd01f3d,"""MoMA, Floor 5, 520""",,,,30.4800609601,,,45.7200914402,,,social realism
Child labor and a lack of education was one of the other reasons for people wishing to leave their homes,Jacob Lawrence,3418,"(American, 1917–2000)",(American),(1917),(2000),(male),1940-41,Casein tempera on hardboard,"12 x 18"" (30.5 x 45.7 cm)",Gift of Mrs. David M. Levy,28.1942.12,Painting,Painting & Sculpture,1942-01-27,Y,78530,https://www.moma.org/collection/works/78530,https://www.moma.org/media/W1siZiIsIjMxMDMxOSJdLFsicCIsImNvbnZlcnQiLCItcmVzaXplIDEwMjR4MTAyNFx1MDAzZSJdXQ.jpg?sha=701f977259a9564d,"""MoMA, Floor 5, 520""",,,,30.4800609601,,,45.7200914402,,,social realism
And people all over the South began to discuss this great movement,Jacob Lawrence,3418,"(American, 1917–2000)",(American),(1917),(2000),(male),1940-41,Casein tempera on hardboard,"18 x 12"" (45.7 x 30.5 cm)",Gift of Mrs. David M. Levy,28.1942.13,Painting,Painting & Sculpture,1942-01-27,Y,78531,https://www.moma.org/collection/works/78531,https://www.moma.org/media/W1siZiIsIjMwNTAxOSJdLFsicCIsImNvbnZlcnQiLCItcmVzaXplIDEwMjR4MTAyNFx1MDAzZSJdXQ.jpg?sha=6746fc5c0c9ce2e7,"""MoMA, Floor 5, 520""",,,,45.7200914402,,,30.4800609601,,,social realism
The labor agent who had been sent South by Northern industry was a very familiar person in the Negro counties,Jacob Lawrence,3418,"(American, 1917–2000)",(American),(1917),(2000),(male),1940-41,Casein tempera on hardboard,"18 x 12"" (45.7 x 30.5 cm)",Gift of Mrs. David M. Levy,28.1942.14,Painting,Painting & Sculpture,1942-01-27,Y,78532,https://www.moma.org/collection/works/78532,https://www.moma.org/media/W1siZiIsIjMxMTg5OCJdLFsicCIsImNvbnZlcnQiLCItcmVzaXplIDEwMjR4MTAyNFx1MDAzZSJdXQ.jpg?sha=acec99e68c0581d9,"""MoMA, Floor 5, 520""",,,,45.7200914402,,,30.4800609601,,,social realism
In every home people who had not gone North met and tried to decide if they should go North or not,Jacob Lawrence,3418,"(American, 1917–2000)",(American),(1917),(2000),(male),1940-41,Casein tempera on hardboard,"12 x 18"" (30.5 x 45.7 cm)",Gift of Mrs. David M. Levy,28.1942.15,Painting,Painting & Sculpture,1942-01-27,Y,78533,https://www.moma.org/collection/works/78533,https://www.moma.org/media/W1siZiIsIjMwNTAyMCJdLFsicCIsImNvbnZlcnQiLCItcmVzaXplIDEwMjR4MTAyNFx1MDAzZSJdXQ.jpg?sha=58ce4a0a98f2da04,"""MoMA, Floor 5, 520""",,,,30.4800609601,,,45.7200914402,,,social realism
The railroad stations in the South were crowded with people leaving for the North,Jacob Lawrence,3418,"(American, 1917–2000)",(American),(1917),(2000),(male),1940-41,Casein tempera on hardboard,"12 x 18"" (30.5 x 45.7 cm)",Gift of Mrs. David M. Levy,28.1942.16,Painting,Painting & Sculpture,1942-01-27,Y,78534,https://www.moma.org/collection/works/78534,https://www.moma.org/media/W1siZiIsIjMwNTAyMSJdLFsicCIsImNvbnZlcnQiLCItcmVzaXplIDEwMjR4MTAyNFx1MDAzZSJdXQ.jpg?sha=699fb0e772e7bae8,"""MoMA, Floor 5, 520""",,0.0,,30.5,,,45.7,,,social realism
The Negro press was also influential in urging the people to leave the South,Jacob Lawrence,3418,"(American, 1917–2000)",(American),(1917),(2000),(male),1940-41,Casein tempera on hardboard,"18 x 12"" (45.7 x 30.5 cm)",Gift of Mrs. David M. Levy,28.1942.17,Painting,Painting & Sculpture,1942-01-27,Y,78535,https://www.moma.org/collection/works/78535,https://www.moma.org/media/W1siZiIsIjMwNTAyMiJdLFsicCIsImNvbnZlcnQiLCItcmVzaXplIDEwMjR4MTAyNFx1MDAzZSJdXQ.jpg?sha=a77f03c957c05732,"""MoMA, Floor 5, 520""",,,,45.7200914402,,,30.4800609601,,,social realism
"They arrived in great numbers into Chicago, the gateway of the West",Jacob Lawrence,3418,"(American, 1917–2000)",(American),(1917),(2000),(male),1940-41,Casein tempera on hardboard,"12 x 18"" (30.5 x 45.7 cm)",Gift of Mrs. David M. Levy,28.1942.18,Painting,Painting & Sculpture,1942-01-27,Y,78536,https://www.moma.org/collection/works/78536,https://www.moma.org/media/W1siZiIsIjMwNTAyMyJdLFsicCIsImNvbnZlcnQiLCItcmVzaXplIDEwMjR4MTAyNFx1MDAzZSJdXQ.jpg?sha=cdbcc64c559b9d25,"""MoMA, Floor 5, 520""",,0.0,,30.5,,,45.7,,,social realism
They also worked in large numbers on the railroad,Jacob Lawrence,3418,"(American, 1917–2000)",(American),(1917),(2000),(male),1940-41,Casein tempera on hardboard,"12 x 18"" (30.5 x 45.7 cm)",Gift of Mrs. David M. Levy,28.1942.19,Painting,Painting & Sculpture,1942-01-27,Y,78537,https://www.moma.org/collection/works/78537,https://www.moma.org/media/W1siZiIsIjMwNTAyNCJdLFsicCIsImNvbnZlcnQiLCItcmVzaXplIDEwMjR4MTAyNFx1MDAzZSJdXQ.jpg?sha=c66c12a5eaa54bc0,"""MoMA, Floor 5, 520""",,,,30.4800609601,,,45.7200914402,,,social realism
The Negro was the largest source of labor to be found after all others had been exhausted,Jacob Lawrence,3418,"(American, 1917–2000)",(American),(1917),(2000),(male),1940-41,Casein tempera on hardboard,"18 x 12"" (45.7 x 30.5 cm)",Gift of Mrs. David M. Levy,28.1942.2,Painting,Painting & Sculpture,1942-01-27,Y,78538,https://www.moma.org/collection/works/78538,https://www.moma.org/media/W1siZiIsIjMwNTAyNSJdLFsicCIsImNvbnZlcnQiLCItcmVzaXplIDEwMjR4MTAyNFx1MDAzZSJdXQ.jpg?sha=7d7e35ecd55f2365,"""MoMA, Floor 5, 520""",,,,45.7200914402,,,30.4800609601,,,social realism
The migrants arrived in great numbers,Jacob Lawrence,3418,"(American, 1917–2000)",(American),(1917),(2000),(male),1940-41,Casein tempera on hardboard,"12 x 18"" (30.5 x 45.7 cm)",Gift of Mrs. David M. Levy,28.1942.20,Painting,Painting & Sculpture,1942-01-27,Y,78539,https://www.moma.org/collection/works/78539,https://www.moma.org/media/W1siZiIsIjMxNzIxMSJdLFsicCIsImNvbnZlcnQiLCItcmVzaXplIDEwMjR4MTAyNFx1MDAzZSJdXQ.jpg?sha=0042e3d970ec1e3a,"""MoMA, Floor 5, 520""",,,,30.4800609601,,,45.7200914402,,,social realism
"They also made it very difficult for migrants leaving the South. They often went to railroad stations and arrested the Negroes wholesale, which in turn made them miss their train",Jacob Lawrence,3418,"(American, 1917–2000)",(American),(1917),(2000),(male),1940-41,Casein tempera on hardboard,"18 x 12"" (45.7 x 30.5 cm)",Gift of Mrs. David M. Levy,28.1942.21,Painting,Painting & Sculpture,1942-01-27,Y,78540,https://www.moma.org/collection/works/78540,https://www.moma.org/media/W1siZiIsIjMxNzIxNSJdLFsicCIsImNvbnZlcnQiLCItcmVzaXplIDEwMjR4MTAyNFx1MDAzZSJdXQ.jpg?sha=01dbb21026f8de56,"""MoMA, Floor 5, 520""",,,,45.7200914402,,,30.4800609601,,,social realism
Living conditions were better in the North,Jacob Lawrence,3418,"(American, 1917–2000)",(American),(1917),(2000),(male),1940-41,Casein tempera on hardboard,"12 x 18"" (30.5 x 45.7 cm)",Gift of Mrs. David M. Levy,28.1942.22,Painting,Painting & Sculpture,1942-01-27,Y,78541,https://www.moma.org/collection/works/78541,https://www.moma.org/media/W1siZiIsIjMxNzIxMiJdLFsicCIsImNvbnZlcnQiLCItcmVzaXplIDEwMjR4MTAyNFx1MDAzZSJdXQ.jpg?sha=55bf999418584327,"""MoMA, Floor 5, 520""",,0.0,,30.5,,,45.7,,,social realism
Industries attempted to board their labor in quarters that were oftentimes very unhealthy. Labor camps were numerous,Jacob Lawrence,3418,"(American, 1917–2000)",(American),(1917),(2000),(male),1940-41,Casein tempera on hardboard,"18 x 12"" (45.7 x 30.5 cm)",Gift of Mrs. David M. Levy,28.1942.23,Painting,Painting & Sculpture,1942-01-27,Y,78542,https://www.moma.org/collection/works/78542,https://www.moma.org/media/W1siZiIsIjMwNTAyNiJdLFsicCIsImNvbnZlcnQiLCItcmVzaXplIDEwMjR4MTAyNFx1MDAzZSJdXQ.jpg?sha=84825516dfe068ae,"""MoMA, Floor 5, 520""",,,,45.7200914402,,,30.4800609601,,,social realism
Housing for the Negroes was a very difficult problem,Jacob Lawrence,3418,"(American, 1917–2000)",(American),(1917),(2000),(male),1940-41,Casein tempera on hardboard,"18 x 12"" (45.7 x 30.5 cm)",Gift of Mrs. David M. Levy,28.1942.24,Painting,Painting & Sculpture,1942-01-27,Y,78543,https://www.moma.org/collection/works/78543,https://www.moma.org/media/W1siZiIsIjMxMTg5OSJdLFsicCIsImNvbnZlcnQiLCItcmVzaXplIDEwMjR4MTAyNFx1MDAzZSJdXQ.jpg?sha=5a62277c0ff9bb1d,"""MoMA, Floor 5, 520""",,,,45.7200914402,,,30.4800609601,,,social realism
Race riots were very numerous all over the North because of the antagonism that was caused between the Negro and white workers. Many of these riots occurred because the Negro was used as a strike breaker in many of the Northern industries,Jacob Lawrence,3418,"(American, 1917–2000)",(American),(1917),(2000),(male),1940-41,Casein tempera on hardboard,"18 x 12"" (45.7 x 30.5 cm)",Gift of Mrs. David M. Levy,28.1942.25,Painting,Painting & Sculpture,1942-01-27,Y,78544,https://www.moma.org/collection/works/78544,https://www.moma.org/media/W1siZiIsIjMwNTAyNyJdLFsicCIsImNvbnZlcnQiLCItcmVzaXplIDEwMjR4MTAyNFx1MDAzZSJdXQ.jpg?sha=4aee13d9a388d0cf,"""MoMA, Floor 5, 520""",,,,45.7200914402,,,30.4800609601,,,social realism
One of the largest race riots occurred in East St. Louis,Jacob Lawrence,3418,"(American, 1917–2000)",(American),(1917),(2000),(male),1940-41,Casein tempera on hardboard,"12 x 18"" (30.5 x 45.7 cm)",Gift of Mrs. David M. Levy,28.1942.26,Painting,Painting & Sculpture,1942-01-27,Y,78545,https://www.moma.org/collection/works/78545,https://www.moma.org/media/W1siZiIsIjMxMTkwMCJdLFsicCIsImNvbnZlcnQiLCItcmVzaXplIDEwMjR4MTAyNFx1MDAzZSJdXQ.jpg?sha=7af3b3ff323701d2,"""MoMA, Floor 5, 520""",,,,30.4800609601,,,45.7200914402,,,social realism
One of the main forms of social and recreational activities in which the migrants indulged occurred in the church,Jacob Lawrence,3418,"(American, 1917–2000)",(American),(1917),(2000),(male),1940-41,Casein tempera on hardboard,"18 x 12"" (45.7 x 30.5 cm)",Gift of Mrs. David M. Levy,28.1942.27,Painting,Painting & Sculpture,1942-01-27,Y,78546,https://www.moma.org/collection/works/78546,https://www.moma.org/media/W1siZiIsIjMwNTAyOCJdLFsicCIsImNvbnZlcnQiLCItcmVzaXplIDEwMjR4MTAyNFx1MDAzZSJdXQ.jpg?sha=624a1079a3e94380,"""MoMA, Floor 5, 520""",,,,45.7200914402,,,30.4800609601,,,social realism
Among one of the last groups to leave the South was the Negro professional who was forced to follow his clientele to make a living,Jacob Lawrence,3418,"(American, 1917–2000)",(American),(1917),(2000),(male),1940-41,Casein tempera on hardboard,"12 x 18"" (30.5 x 45.7 cm)",Gift of Mrs. David M. Levy,28.1942.28,Painting,Painting & Sculpture,1942-01-27,Y,78547,https://www.moma.org/collection/works/78547,https://www.moma.org/media/W1siZiIsIjMxMTkwMSJdLFsicCIsImNvbnZlcnQiLCItcmVzaXplIDEwMjR4MTAyNFx1MDAzZSJdXQ.jpg?sha=6526a0d4f5e53a98,"""MoMA, Floor 5, 520""",,,,30.4800609601,,,45.7200914402,,,social realism
In the North the Negro had better educational facilities,Jacob Lawrence,3418,"(American, 1917–2000)",(American),(1917),(2000),(male),1940-41,Casein tempera on hardboard,"12 x 18"" (30.5 x 45.7 cm)",Gift of Mrs. David M. Levy,28.1942.29,Painting,Painting & Sculpture,1942-01-27,Y,78548,https://www.moma.org/collection/works/78548,https://www.moma.org/media/W1siZiIsIjMwNTAyOSJdLFsicCIsImNvbnZlcnQiLCItcmVzaXplIDEwMjR4MTAyNFx1MDAzZSJdXQ.jpg?sha=8a367d3e4d29d3a5,"""MoMA, Floor 5, 520""",,,,30.4800609601,,,45.7200914402,,,social realism
The trains were packed continually with migrants,Jacob Lawrence,3418,"(American, 1917–2000)",(American),(1917),(2000),(male),1940-41,Casein tempera on hardboard,"18 x 12"" (45.7 x 30.5 cm)",Gift of Mrs. David M. Levy,28.1942.3,Painting,Painting & Sculpture,1942-01-27,Y,78549,https://www.moma.org/collection/works/78549,https://www.moma.org/media/W1siZiIsIjMxMTkwMiJdLFsicCIsImNvbnZlcnQiLCItcmVzaXplIDEwMjR4MTAyNFx1MDAzZSJdXQ.jpg?sha=4019af136f4c0d27,"""MoMA, Floor 5, 520""",,,,45.7200914402,,,30.4800609601,,,social realism
And the migrants kept coming,Jacob Lawrence,3418,"(American, 1917–2000)",(American),(1917),(2000),(male),1940-41,Casein tempera on hardboard,"12 x 18"" (30.5 x 45.7 cm)",Gift of Mrs. David M. Levy,28.1942.30,Painting,Painting & Sculpture,1942-01-27,Y,78550,https://www.moma.org/collection/works/78550,https://www.moma.org/media/W1siZiIsIjMxNzIxMyJdLFsicCIsImNvbnZlcnQiLCItcmVzaXplIDEwMjR4MTAyNFx1MDAzZSJdXQ.jpg?sha=45758e0d94853f1e,"""MoMA, Floor 5, 520""",,0.0,,30.5,,,45.7,,,social realism
"They did not always leave because they were promised work in the North. Many of them left because of Southern conditions, one of them being great floods that ruined the crops, and therefore they were unable to make a living where they were",Jacob Lawrence,3418,"(American, 1917–2000)",(American),(1917),(2000),(male),1940-41,Casein tempera on hardboard,"18 x 12"" (45.7 x 30.5 cm)",Gift of Mrs. David M. Levy,28.1942.4,Painting,Painting & Sculpture,1942-01-27,Y,78551,https://www.moma.org/collection/works/78551,https://www.moma.org/media/W1siZiIsIjMwNTAzMCJdLFsicCIsImNvbnZlcnQiLCItcmVzaXplIDEwMjR4MTAyNFx1MDAzZSJdXQ.jpg?sha=c4997a4bee613015,"""MoMA, Floor 5, 520""",,,,45.7200914402,,,30.4800609601,,,social realism
They were very poor,Jacob Lawrence,3418,"(American, 1917–2000)",(American),(1917),(2000),(male),1940-41,Casein tempera on hardboard,"12 x 18"" (30.5 x 45.7 cm)",Gift of Mrs. David M. Levy,28.1942.5,Painting,Painting & Sculpture,1942-01-27,Y,78552,https://www.moma.org/collection/works/78552,https://www.moma.org/media/W1siZiIsIjMwNTAzMSJdLFsicCIsImNvbnZlcnQiLCItcmVzaXplIDEwMjR4MTAyNFx1MDAzZSJdXQ.jpg?sha=9f66d9b8473cf9ef,"""MoMA, Floor 5, 520""",,0.0,,30.5,,,45.7,,,social realism
The railroad stations were at times so over-packed with people leaving that special guards had to be called in to keep order,Jacob Lawrence,3418,"(American, 1917–2000)",(American),(1917),(2000),(male),1940-41,Casein tempera on hardboard,"12 x 18"" (30.5 x 45.7 cm)",Gift of Mrs. David M. Levy,28.1942.6,Painting,Painting & Sculpture,1942-01-27,Y,78553,https://www.moma.org/collection/works/78553,https://www.moma.org/media/W1siZiIsIjMwNTAzMiJdLFsicCIsImNvbnZlcnQiLCItcmVzaXplIDEwMjR4MTAyNFx1MDAzZSJdXQ.jpg?sha=b6abd790d4a42282,"""MoMA, Floor 5, 520""",,0.0,,30.5,,,45.7,,,social realism
Among the social conditions that existed which was partly the cause of the migration was the injustice done to the Negroes in the courts,Jacob Lawrence,3418,"(American, 1917–2000)",(American),(1917),(2000),(male),1940-41,Casein tempera on hardboard,"18 x 12"" (45.7 x 30.5 cm)",Gift of Mrs. David M. Levy,28.1942.7,Painting,Painting & Sculpture,1942-01-27,Y,78554,https://www.moma.org/collection/works/78554,https://www.moma.org/media/W1siZiIsIjE1MTIyNSJdLFsicCIsImNvbnZlcnQiLCItcmVzaXplIDEwMjR4MTAyNFx1MDAzZSJdXQ.jpg?sha=2b140cd6f4e49925,"""MoMA, Floor 5, 520""",,,,45.7200914402,,,30.4800609601,,,social realism
"Although the Negro was used to lynching, he found this an opportune time for him to leave where one had occurred",Jacob Lawrence,3418,"(American, 1917–2000)",(American),(1917),(2000),(male),1940-41,Casein tempera on hardboard,"18 x 12"" (45.7 x 30.5 cm)",Gift of Mrs. David M. Levy,28.1942.8,Painting,Painting & Sculpture,1942-01-27,Y,78555,https://www.moma.org/collection/works/78555,https://www.moma.org/media/W1siZiIsIjMxNzIxNCJdLFsicCIsImNvbnZlcnQiLCItcmVzaXplIDEwMjR4MTAyNFx1MDAzZSJdXQ.jpg?sha=e642f3885dc21e72,"""MoMA, Floor 5, 520""",,,,45.7200914402,,,30.4800609601,,,social realism
The migration gained in momentum,Jacob Lawrence,3418,"(American, 1917–2000)",(American),(1917),(2000),(male),1940-41,Casein tempera on hardboard,"18 x 12"" (45.7 x 30.5 cm)",Gift of Mrs. David M. Levy,28.1942.9,Painting,Painting & Sculpture,1942-01-27,Y,78556,https://www.moma.org/collection/works/78556,https://www.moma.org/media/W1siZiIsIjMxNzIxNiJdLFsicCIsImNvbnZlcnQiLCItcmVzaXplIDEwMjR4MTAyNFx1MDAzZSJdXQ.jpg?sha=2cb7c3fc5c1db227,"""MoMA, Floor 5, 520""",,,,45.7200914402,,,30.4800609601,,,social realism
Woman by a Window,Pablo Picasso,4609,"(Spanish, 1881–1973)",(Spanish),(1881),(1973),(male),"Cannes, June 1956",Oil on canvas,"63 3/4 x 51 1/4"" (162 x 130 cm)",Mrs. Simon Guggenheim Fund,30.1957,Painting,Painting & Sculpture,1956-05-15,Y,78569,https://www.moma.org/collection/works/78569,https://www.moma.org/media/W1siZiIsIjE1MTI1OSJdLFsicCIsImNvbnZlcnQiLCItcmVzaXplIDEwMjR4MTAyNFx1MDAzZSJdXQ.jpg?sha=28836bd950351660,,,,,162.0,,,130.0,,,surrealism
Violin and Grapes,Pablo Picasso,4609,"(Spanish, 1881–1973)",(Spanish),(1881),(1973),(male),"Céret and Sorgues, spring-summer 1912",Oil on canvas,"24 x 20"" (61 x 50.8 cm)",Mrs. David M. Levy Bequest,32.1960,Painting,Painting & Sculpture,1960-04-06,Y,78578,https://www.moma.org/collection/works/78578,https://www.moma.org/media/W1siZiIsIjE1MTI2OCJdLFsicCIsImNvbnZlcnQiLCItcmVzaXplIDEwMjR4MTAyNFx1MDAzZSJdXQ.jpg?sha=8c3391d781e3a10c,,,,,60.9601,,,50.8001,,,surrealism
No. 10,Mark Rothko,5047,"(American, born Russia (now Latvia). 1903–1970)",(American),(1903),(1970),(male),1950,Oil on canvas,"7' 6 3/8"" x 57 1/8"" (229.6 x 145.1 cm)",Gift of Philip Johnson,38.1952,Painting,Painting & Sculpture,1952-03-13,Y,78594,https://www.moma.org/collection/works/78594,https://www.moma.org/media/W1siZiIsIjE3OTMzMiJdLFsicCIsImNvbnZlcnQiLCItcmVzaXplIDEwMjR4MTAyNFx1MDAzZSJdXQ.jpg?sha=9cc4b30989d481b2,"""MoMA, Floor 4, 403""",,,,229.6,,,145.1,,,abstract expressionism
Mural Painting,Fernand Léger,6624,"(French, 1881–1955)",(French),(1881),(1955),(male),1924,Oil on canvas,"71 x 31 1/4"" (180.3 x 79.2 cm)",Given anonymously,49.1965,Painting,Painting & Sculpture,1965-02-09,Y,78620,https://www.moma.org/collection/works/78620,https://www.moma.org/media/W1siZiIsIjE1MTM0OCJdLFsicCIsImNvbnZlcnQiLCItcmVzaXplIDEwMjR4MTAyNFx1MDAzZSJdXQ.jpg?sha=de8457eac2f9d7f5,"""MoMA, Floor 5, 513""",,,,180.3,,,79.2,,,Cubism
Three Musicians,Pablo Picasso,4609,"(Spanish, 1881–1973)",(Spanish),(1881),(1973),(male),"Fontainebleau, summer 1921",Oil on canvas,"6' 7"" x 7' 3 3/4"" (200.7 x 222.9 cm)",Mrs. Simon Guggenheim Fund,55.1949,Painting,Painting & Sculpture,1949-03-24,Y,78630,https://www.moma.org/collection/works/78630,https://www.moma.org/media/W1siZiIsIjUzNzgyNCJdLFsicCIsImNvbnZlcnQiLCItcmVzaXplIDEwMjR4MTAyNFx1MDAzZSJdXQ.jpg?sha=5592e55349c6f551,"""MoMA, Floor 5, 513""",,,,200.7,,,222.9,,,surrealism
The Song of the Vowels,Joan Miró,4016,"(Spanish, 1893–1983)",(Spanish),(1893),(1983),(male),"Palma de Mallorca, April 24, 1966",Oil on canvas,"12' 1/8"" x 45 1/4"" (366 x 114.8 cm)","Mrs. Simon Guggenheim Fund, special contribution in honor of Dorothy C. Miller",57.1970,Painting,Painting & Sculpture,1970-02-10,Y,78633,https://www.moma.org/collection/works/78633,https://www.moma.org/media/W1siZiIsIjE1MTM4OCJdLFsicCIsImNvbnZlcnQiLCItcmVzaXplIDEwMjR4MTAyNFx1MDAzZSJdXQ.jpg?sha=3eb169afb0c3c306,,,,,366.0,,,114.8,,,surrealism
Tomb,Philip Guston,2419,"(American, born Canada. 1913–1980)",(American),(1913),(1980),(male),1978,Oil on canvas,"6' 6 1/8"" x 6' 1 3/4"" (198.4 x 187.6 cm)",Acquired through the A. Conger Goodyear and Elizabeth Bliss Parkinson Funds and gift of the artist,60.1981,Painting,Painting & Sculpture,1981-04-07,Y,78639,https://www.moma.org/collection/works/78639,https://www.moma.org/media/W1siZiIsIjIxMDE1MSJdLFsicCIsImNvbnZlcnQiLCItcmVzaXplIDEwMjR4MTAyNFx1MDAzZSJdXQ.jpg?sha=b8dc8f7b07100cea,,,,,198.4,,,187.6,,,abstract expressionism
"DEC. 12, 1979",On Kawara,3030,"(Japanese, 1933–2014)",(Japanese),(1933),(0),(male),1979,Acrylic on canvas,"18 1/4 x 24 3/8"" (46.4 x 62.5 cm), box 2 x 25 x 19"" (5.1.x 63.5 x 48.3 cm)",Blanchette Hooker Rockefeller Fund,61.1981.1-2,Painting,Painting & Sculpture,1981-04-07,Y,78641,https://www.moma.org/collection/works/78641,https://www.moma.org/media/W1siZiIsIjE1MTQxNiJdLFsicCIsImNvbnZlcnQiLCItcmVzaXplIDEwMjR4MTAyNFx1MDAzZSJdXQ.jpg?sha=3f94026bdf5ddb93,,,,,46.4,,,62.5,,,
"DEC. 17, 1979",On Kawara,3030,"(Japanese, 1933–2014)",(Japanese),(1933),(0),(male),1979,Acrylic on canvas,"18 3/16 × 24 3/8"" (46.2 × 61.7 cm), box 2 × 25 × 18 3/4"" (5.1 × 63.5 × 47.6 cm)",Blanchette Hooker Rockefeller Fund,62.1981.1-2,Painting,Painting & Sculpture,1981-04-07,Y,78644,https://www.moma.org/collection/works/78644,https://www.moma.org/media/W1siZiIsIjE1MTQyMSJdLFsicCIsImNvbnZlcnQiLCItcmVzaXplIDEwMjR4MTAyNFx1MDAzZSJdXQ.jpg?sha=598d101ea70c715f,"""MoMA, Floor 4, 413""",,,,46.2,,,61.7,,,
White Curve VII,Ellsworth Kelly,3048,"(American, 1923–2015)",(American),(1923),(2015),(male),1976,Oil on canvas,"7' 8"" x 7' 8"" (233 x 233 cm)",Gift of Douglas S. Cramer Foundation,62.1995,Painting,Painting & Sculpture,1995-02-06,Y,78645,https://www.moma.org/collection/works/78645,https://www.moma.org/media/W1siZiIsIjUyNzcyMCJdLFsicCIsImNvbnZlcnQiLCItcmVzaXplIDEwMjR4MTAyNFx1MDAzZSJdXQ.jpg?sha=ab77b1c3d5eb8ac0,,,,,233.7,,,233.7,,,abstract art
Beard of Uncertain Returns,Jean Dubuffet,1633,"(French, 1901–1985)",(French),(1901),(1985),(male),November 1959,Oil on canvas,"45 3/4 x 35 1/8"" (116.1 x 89.2 cm)",Mrs. Sam A. Lewisohn Fund,63.1961,Painting,Painting & Sculpture,1961-02-07,Y,78646,https://www.moma.org/collection/works/78646,https://www.moma.org/media/W1siZiIsIjIwODEyOCJdLFsicCIsImNvbnZlcnQiLCItcmVzaXplIDEwMjR4MTAyNFx1MDAzZSJdXQ.jpg?sha=8059692fabc881e9,,,,,116.1,,,89.2,,,outsider art
"DEC. 18, 1979",On Kawara,3030,"(Japanese, 1933–2014)",(Japanese),(1933),(0),(male),1979,Acrylic on canvas,"18 1/4 × 24 1/4"" (46.3 × 61.6 cm), box 2 × 25 × 18 3/4"" (5.1 × 63.5 × 47.6 cm)",Blanchette Hooker Rockefeller Fund,63.1981.1-2,Painting,Painting & Sculpture,1981-04-07,Y,78647,https://www.moma.org/collection/works/78647,https://www.moma.org/media/W1siZiIsIjE1MTQyOCJdLFsicCIsImNvbnZlcnQiLCItcmVzaXplIDEwMjR4MTAyNFx1MDAzZSJdXQ.jpg?sha=ea70c013c9c61e5c,"""MoMA, Floor 4, 413""",,,,46.3,,,61.6,,,
The Large Trees,Georges Braque,744,"(French, 1882–1963)",(French),(1882),(1963),(male),L'Estaque 1906-07,Oil on canvas mounted on board,"31 1/2 x 27 3/4"" (80 x 70.5 cm)",Gift of Mr. and Mrs. David Rockefeller,68.1991,Painting,Painting & Sculpture,1991-04-08,Y,78668,https://www.moma.org/collection/works/78668,https://www.moma.org/media/W1siZiIsIjQ3NTQ0NyJdLFsicCIsImNvbnZlcnQiLCItcmVzaXplIDEwMjR4MTAyNFx1MDAzZSJdXQ.jpg?sha=f664b18e6daf6656,,,,,80.0,,,70.5,,,Cubism
Broadway Boogie Woogie,Piet Mondrian,4057,"(Dutch, 1872–1944)",(Dutch),(1872),(1944),(male),1942–43,Oil on canvas,"50 x 50"" (127 x 127 cm)",Given anonymously,73.1943,Painting,Painting & Sculpture,1943-05-12,Y,78682,https://www.moma.org/collection/works/78682,https://www.moma.org/media/W1siZiIsIjQ3NzIxMiJdLFsicCIsImNvbnZlcnQiLCItcmVzaXplIDEwMjR4MTAyNFx1MDAzZSJdXQ.jpg?sha=b816d329e6296b3a,"""MoMA, Floor 5, 512""",,,,127.0,,,127.0,,,Symbolism
Western Air,Robert Motherwell,4126,"(American, 1915–1991)",(American),(1915),(1991),(male),1946-47,Oil and sand on canvas,"6' x 54"" (182.9 x 137.2 cm)",Purchase (by exchange),75.1950,Painting,Painting & Sculpture,1950-01-27,Y,78691,https://www.moma.org/collection/works/78691,https://www.moma.org/media/W1siZiIsIjE1MTQ4MyJdLFsicCIsImNvbnZlcnQiLCItcmVzaXplIDEwMjR4MTAyNFx1MDAzZSJdXQ.jpg?sha=74523b313e13c24c,,,,,182.9,,,137.2,,,abstract expressionism
Harlequin,Pablo Picasso,4609,"(Spanish, 1881–1973)",(Spanish),(1881),(1973),(male),"Paris, late 1915",Oil on canvas,"6' 1/4"" x 41 3/8"" (183.5 x 105.1 cm)",Acquired through the Lillie P. Bliss Bequest (by exchange),76.1950,Painting,Painting & Sculpture,1950-01-27,Y,78696,https://www.moma.org/collection/works/78696,https://www.moma.org/media/W1siZiIsIjE1MTQ4NSJdLFsicCIsImNvbnZlcnQiLCItcmVzaXplIDEwMjR4MTAyNFx1MDAzZSJdXQ.jpg?sha=377069954db37b58,,,,,183.5,,,105.1,,,surrealism
"Number 1A, 1948",Jackson Pollock,4675,"(American, 1912–1956)",(American),(1912),(1956),(male),1948,Oil and enamel paint on canvas,"68"" x 8' 8"" (172.7 x 264.2 cm)",Purchase,77.1950,Painting,Painting & Sculpture,1950-01-27,Y,78699,https://www.moma.org/collection/works/78699,https://www.moma.org/media/W1siZiIsIjQ3NzIxMyJdLFsicCIsImNvbnZlcnQiLCItcmVzaXplIDEwMjR4MTAyNFx1MDAzZSJdXQ.jpg?sha=5014d1076198cf17,"""MoMA, Floor 4, 401""",,,,172.7,,,264.2,,,abstract expressionism
"Mama, Papa Is Wounded!",Yves Tanguy,5804,"(American, born France. 1900–1955)",(American),(1900),(1955),(male),1927,Oil on canvas,"36 1/4 x 28 3/4"" (92.1 x 73 cm)",Purchase,78.1936,Painting,Painting & Sculpture,1936-10-22,Y,78701,https://www.moma.org/collection/works/78701,https://www.moma.org/media/W1siZiIsIjQwMDg1NSJdLFsicCIsImNvbnZlcnQiLCItcmVzaXplIDEwMjR4MTAyNFx1MDAzZSJdXQ.jpg?sha=0dba4d5f145c195f,,,,,92.1,,,73.0,,,surrealism
Music (Sketch),Henri Matisse,3832,"(French, 1869–1954)",(French),(1869),(1954),(male),"Collioure, spring-summer 1907",Oil and charcoal on canvas,"29 x 24"" (73.4 x 60.8 cm)","Gift of A. Conger Goodyear in honor of Alfred H. Barr, Jr.",78.1962,Painting,Painting & Sculpture,1962-02-06,Y,78703,https://www.moma.org/collection/works/78703,https://www.moma.org/media/W1siZiIsIjQ1NzQyOCJdLFsicCIsImNvbnZlcnQiLCItcmVzaXplIDEwMjR4MTAyNFx1MDAzZSJdXQ.jpg?sha=57ad9435e6b0cfa9,"""MoMA, Floor 5, 506""",,,,73.4,,,60.8,,,impressionism
Interior with a Young Girl (Girl Reading),Henri Matisse,3832,"(French, 1869–1954)",(French),(1869),(1954),(male),Paris 1905-06,Oil on canvas,"28 5/8 x 23 1/2"" (72.7 x 59.7 cm)",Gift of Mr. and Mrs. David Rockefeller,79.1991,Painting,Painting & Sculpture,1991-04-08,Y,78713,https://www.moma.org/collection/works/78713,https://www.moma.org/media/W1siZiIsIjQ2ODQwMSJdLFsicCIsImNvbnZlcnQiLCItcmVzaXplIDEwMjR4MTAyNFx1MDAzZSJdXQ.jpg?sha=a5670d9766c0e2be,,,,,72.7,,,59.7,,,impressionism
"The Reservoir, Horta de Ebro",Pablo Picasso,4609,"(Spanish, 1881–1973)",(Spanish),(1881),(1973),(male),"Horta de Sant Joan, summer 1909",Oil on canvas,"24 1/8 x 20 1/8"" (61.5 x 51.1 cm)",Gift of Mr. and Mrs. David Rockefeller,81.1991,Painting,Painting & Sculpture,1991-04-08,Y,78718,https://www.moma.org/collection/works/78718,https://www.moma.org/media/W1siZiIsIjE1MTUwMiJdLFsicCIsImNvbnZlcnQiLCItcmVzaXplIDEwMjR4MTAyNFx1MDAzZSJdXQ.jpg?sha=a15c44c8fe832ba5,"""MoMA, Floor 5, 503""",,,,61.5,,,51.1,,,surrealism
The She-Wolf,Jackson Pollock,4675,"(American, 1912–1956)",(American),(1912),(1956),(male),1943,"Oil, gouache, and plaster on canvas","41 7/8 x 67"" (106.4 x 170.2 cm)",Purchase,82.1944,Painting,Painting & Sculpture,1944-05-02,Y,78719,https://www.moma.org/collection/works/78719,https://www.moma.org/media/W1siZiIsIjIwMzA5OCJdLFsicCIsImNvbnZlcnQiLCItcmVzaXplIDEwMjR4MTAyNFx1MDAzZSJdXQ.jpg?sha=f48e80764b10412a,,,,,106.4,,,170.2,,,abstract expressionism
Seated Bather,Pablo Picasso,4609,"(Spanish, 1881–1973)",(Spanish),(1881),(1973),(male),"Paris, early 1930",Oil on canvas,"64 1/4 x 51"" (163.2 x 129.5 cm)",Mrs. Simon Guggenheim Fund,82.1950,Painting,Painting & Sculpture,1950-01-27,Y,78721,https://www.moma.org/collection/works/78721,https://www.moma.org/media/W1siZiIsIjE1MTUxMSJdLFsicCIsImNvbnZlcnQiLCItcmVzaXplIDEwMjR4MTAyNFx1MDAzZSJdXQ.jpg?sha=cb6b456dda8abd63,,,,,163.2,,,129.5,,,surrealism
"Abstract Painting, Red",Ad Reinhardt,4856,"(American, 1913–1967)",(American),(1913),(1967),(male),1952,Oil on canvas,"9' x 40 1/8"" (274.4 x 102 cm)",Gift of Mr. and Mrs. Gifford Phillips,82.1991,Painting,Painting & Sculpture,1991-04-08,Y,78723,https://www.moma.org/collection/works/78723,https://www.moma.org/media/W1siZiIsIjE3OTUyNiJdLFsicCIsImNvbnZlcnQiLCItcmVzaXplIDEwMjR4MTAyNFx1MDAzZSJdXQ.jpg?sha=cfd67b576863d09d,,,,,274.3,,,101.9,,,abstract expressionism
Meditation on an Oak Leaf,André Masson,3821,"(French, 1896–1987)",(French),(1896),(1987),(male),1942,"Tempera, pastel and sand on canvas","40 x 33"" (101.6 x 83.8 cm)",Given anonymously,84.1950,Painting,Painting & Sculpture,1950-02-25,Y,78728,https://www.moma.org/collection/works/78728,https://www.moma.org/media/W1siZiIsIjE1MTUxNCJdLFsicCIsImNvbnZlcnQiLCItcmVzaXplIDEwMjR4MTAyNFx1MDAzZSJdXQ.jpg?sha=7a58a3e073da394e,,,,,101.6,,,83.8,,,surrealism
Interior with a Violin Case,Henri Matisse,3832,"(French, 1869–1954)",(French),(1869),(1954),(male),"Nice, winter 1918-19",Oil on canvas,"28 3/4 x 23 5/8"" (73 x 60 cm)",Lillie P. Bliss Collection,86.1934,Painting,Painting & Sculpture,1934-09-23,Y,78735,https://www.moma.org/collection/works/78735,https://www.moma.org/media/W1siZiIsIjUxMTg2NyJdLFsicCIsImNvbnZlcnQiLCItcmVzaXplIDEwMjR4MTAyNFx1MDAzZSJdXQ.jpg?sha=3585bb45db1df05a,,,,,73.0,,,60.0,,,impressionism
The Anxious Journey,Giorgio de Chirico,1106,"(Italian, born Greece. 1888–1978)",(Italian),(1888),(1978),(male),"Paris, spring-summer 1913",Oil on canvas,"29 1/4 x 42"" (74.3 x 106.7 cm)",Acquired through the Lillie P. Bliss Bequest (by exchange),86.1950,Painting,Painting & Sculpture,1950-04-24,Y,78736,https://www.moma.org/collection/works/78736,https://www.moma.org/media/W1siZiIsIjQ1NjM5MCJdLFsicCIsImNvbnZlcnQiLCItcmVzaXplIDEwMjR4MTAyNFx1MDAzZSJdXQ.jpg?sha=89eadbd49cd2e4ae,"""MoMA, Floor 5, 517""",,,,74.3,,,106.7,,,metaphysical painting
The Nostalgia of the Infinite,Giorgio de Chirico,1106,"(Italian, born Greece. 1888–1978)",(Italian),(1888),(1978),(male),Paris 1912-13? (dated on painting 1911),Oil on canvas,"53 1/4 x 25 1/2"" (135.2 x 64.8 cm)",Purchase,87.1936,Painting,Painting & Sculpture,1936-12-17,Y,78738,https://www.moma.org/collection/works/78738,https://www.moma.org/media/W1siZiIsIjQ1NjM5MiJdLFsicCIsImNvbnZlcnQiLCItcmVzaXplIDEwMjR4MTAyNFx1MDAzZSJdXQ.jpg?sha=fd3d47fbdbbe4777,"""MoMA, Floor 5, 517""",,,,135.2,,,64.8,,,metaphysical painting
Lita Curtain Star [Lita Hornick],Andy Warhol,6246,"(American, 1928–1987)",(American),(1928),(1987),(male),1968,Synthetic polymer paint and silkscreen ink on eight canvases,"Each canvas 27 x 26 7/8"" (68.6 x 68.3 cm), overall  55 1/2"" x 9' 3""  (141 x 282 cm)",Gift of Lita Hornick,87.1991.a-h,Painting,Painting & Sculpture,1991-04-08,Y,78739,https://www.moma.org/collection/works/78739,https://www.moma.org/media/W1siZiIsIjUyNzI0NyJdLFsicCIsImNvbnZlcnQiLCItcmVzaXplIDEwMjR4MTAyNFx1MDAzZSJdXQ.jpg?sha=0f0a345c52922634,,,,,68.6,,,68.3,,,pop art
Equals Infinity,Paul Klee,3130,"(German, born Switzerland. 1879–1940)",(German),(1879),(1940),(male),1932,Oil on canvas mounted on wood,"20 1/4 x 26 7/8"" (51.4 x 68.3 cm)",Acquired through the Lillie P. Bliss Bequest (by exchange),90.1950,Painting,Painting & Sculpture,1950-04-24,Y,78745,https://www.moma.org/collection/works/78745,https://www.moma.org/media/W1siZiIsIjUxNzg4MSJdLFsicCIsImNvbnZlcnQiLCItcmVzaXplIDEwMjR4MTAyNFx1MDAzZSJdXQ.jpg?sha=dac6ce9d93695e88,,,,,51.4,,,68.3,,,surrealism
Green Still Life,Pablo Picasso,4609,"(Spanish, 1881–1973)",(Spanish),(1881),(1973),(male),"Avignon, summer 1914",Oil on canvas,"23 1/2 x 31 1/4"" (59.7 x 79.4 cm)",Lillie P. Bliss Collection,92.1934,Painting,Painting & Sculpture,1934-09-23,Y,78748,https://www.moma.org/collection/works/78748,https://www.moma.org/media/W1siZiIsIjQ2NzQ4OCJdLFsicCIsImNvbnZlcnQiLCItcmVzaXplIDEwMjR4MTAyNFx1MDAzZSJdXQ.jpg?sha=448c2195990ea93a,,,,,59.7,,,79.4,,,surrealism
The Charnel House,Pablo Picasso,4609,"(Spanish, 1881–1973)",(Spanish),(1881),(1973),(male),"Paris, 1944-45",Oil and charcoal on canvas,"6' 6 5/8"" x 8' 2 1/2"" (199.8 x 250.1 cm)","Mrs. Sam A. Lewisohn Bequest (by exchange), and Mrs. Marya Bernard Fund in memory of her husband Dr. Bernard Bernard, and anonymous funds",93.1971,Painting,Painting & Sculpture,1971-03-09,Y,78752,https://www.moma.org/collection/works/78752,https://www.moma.org/media/W1siZiIsIjQ1NjM5MyJdLFsicCIsImNvbnZlcnQiLCItcmVzaXplIDEwMjR4MTAyNFx1MDAzZSJdXQ.jpg?sha=9c3f0616053b58b0,"""MoMA, Floor 5, 522""",,,,199.8,,,250.1,,,surrealism
The Hunter (Catalan Landscape),Joan Miró,4016,"(Spanish, 1893–1983)",(Spanish),(1893),(1983),(male),"Montroig, July 1923-winter 1924",Oil on canvas,"25 1/2 x 39 1/2"" (64.8 x 100.3 cm)",Purchase,95.1936,Painting,Painting & Sculpture,1936-12-27,Y,78756,https://www.moma.org/collection/works/78756,https://www.moma.org/media/W1siZiIsIjEyNDkzMyJdLFsicCIsImNvbnZlcnQiLCItcmVzaXplIDEwMjR4MTAyNFx1MDAzZSJdXQ.jpg?sha=b19dc20185921566,"""MoMA, Floor 5, 517""",,,,64.8,,,100.3,,,surrealism
"Fishing Boats, Collioure",André Derain,1500,"(French, 1880–1954)",(French),(1880),(1954),(male),1905,Oil on canvas,"14 15/16 × 17 15/16"" (38 × 45.5 cm)",The Philip L. Goodwin Collection,100.1958,Painting,Painting & Sculpture,1958-10-29,Y,78773,https://www.moma.org/collection/works/78773,https://www.moma.org/media/W1siZiIsIjUzODU3MiJdLFsicCIsImNvbnZlcnQiLCItcmVzaXplIDEwMjR4MTAyNFx1MDAzZSJdXQ.jpg?sha=bd5ff756ccd72c54,,,,,38.0,,,45.5,,,Cubism
Childbirth,Jean Dubuffet,1633,"(French, 1901–1985)",(French),(1901),(1985),(male),March 1944,Oil on canvas,"39 3/8 x 31 3/4"" (99.8 x 80.8 cm)",Gift of Pierre Matisse in memory of Patricia Kane Matisse,101.1982,Painting,Painting & Sculpture,1982-04-06,Y,78782,https://www.moma.org/collection/works/78782,https://www.moma.org/media/W1siZiIsIjE1MDk0MCJdLFsicCIsImNvbnZlcnQiLCItcmVzaXplIDEwMjR4MTAyNFx1MDAzZSJdXQ.jpg?sha=2d08d0dbdd2887db,,,,,99.8,,,80.8,,,outsider art
Road near L'Estaque,Georges Braque,744,"(French, 1882–1963)",(French),(1882),(1963),(male),"L'Estaque, late summer 1908",Oil on canvas,"23 3/4 x 19 3/4"" (60.3 x 50.2 cm)",Given anonymously (by exchange),103.1943,Painting,Painting & Sculpture,1943-05-21,Y,78787,https://www.moma.org/collection/works/78787,https://www.moma.org/media/W1siZiIsIjE1MDk0NSJdLFsicCIsImNvbnZlcnQiLCItcmVzaXplIDEwMjR4MTAyNFx1MDAzZSJdXQ.jpg?sha=3408b31f82138edc,"""MoMA, Floor 5, 503""",,,,60.3,,,50.2,,,Cubism
Contrast of Forms,Fernand Léger,6624,"(French, 1881–1955)",(French),(1881),(1955),(male),1913,Oil on canvas,"39 1/2 x 32"" (100.3 x 81.1 cm)",The Philip L. Goodwin Collection,103.1958,Painting,Painting & Sculpture,1958-10-29,Y,78788,https://www.moma.org/collection/works/78788,https://www.moma.org/media/W1siZiIsIjI0MzI2NyJdLFsicCIsImNvbnZlcnQiLCItcmVzaXplIDEwMjR4MTAyNFx1MDAzZSJdXQ.jpg?sha=7f04a88257dc56bc,,,,,100.3,,,81.1,,,Cubism
The Kill,André Masson,3821,"(French, 1896–1987)",(French),(1896),(1987),(male),1944,Oil on canvas,"21 3/4 x 26 3/4"" (55.2 x 67.9 cm)",Gift of the artist,103.1976,Painting,Painting & Sculpture,1976-03-09,Y,78790,https://www.moma.org/collection/works/78790,https://www.moma.org/media/W1siZiIsIjE1MDk0NyJdLFsicCIsImNvbnZlcnQiLCItcmVzaXplIDEwMjR4MTAyNFx1MDAzZSJdXQ.jpg?sha=b38247c088562c0d,,,,,55.2,,,67.9,,,surrealism
Between the Clock and the Bed,Jasper Johns,2923,"(American, born 1930)",(American),(1930),(0),(male),1981,"Encaustic on canvas, three panels","6' 1/8"" x 10' 6 3/8"" (183.2 x 321 cm)",Gift of Agnes Gund,104.1982.a-c,Painting,Painting & Sculpture,1981-11-17,Y,78797,https://www.moma.org/collection/works/78797,https://www.moma.org/media/W1siZiIsIjE1MDk1MSJdLFsicCIsImNvbnZlcnQiLCItcmVzaXplIDEwMjR4MTAyNFx1MDAzZSJdXQ.jpg?sha=bc5292d08e315f2c,,,,,183.4,,,320.9931,,,Neo-Dada
The Rape,Pablo Picasso,4609,"(Spanish, 1881–1973)",(Spanish),(1881),(1973),(male),"Juan-les-Pins, 1920",Tempera on wood,"9 3/8 x 12 7/8"" (23.8 x 32.6 cm)",The Philip L. Goodwin Collection,106.1958,Painting,Painting & Sculpture,1958-10-29,Y,78802,https://www.moma.org/collection/works/78802,https://www.moma.org/media/W1siZiIsIjE1MDk1OCJdLFsicCIsImNvbnZlcnQiLCItcmVzaXplIDEwMjR4MTAyNFx1MDAzZSJdXQ.jpg?sha=f09b05d099c4f758,,,,,23.8,,,32.6,,,surrealism
Flag,Jasper Johns,2923,"(American, born 1930)",(American),(1930),(0),(male),1954-55  (dated on reverse 1954),"Encaustic, oil, and collage on fabric mounted on plywood, three panels","42 1/4 x 60 5/8"" (107.3 x 153.8 cm)","Gift of Philip Johnson in honor of Alfred H. Barr, Jr.",106.1973,Painting,Painting & Sculpture,1973-02-13,Y,78805,https://www.moma.org/collection/works/78805,https://www.moma.org/media/W1siZiIsIjQ2NzUxNiJdLFsicCIsImNvbnZlcnQiLCItcmVzaXplIDEwMjR4MTAyNFx1MDAzZSJdXQ.jpg?sha=5d5d90c836f20622,"""MoMA, Floor 4, 408""",,,,107.3,,,153.8,,,Neo-Dada
Castle Garden,Paul Klee,3130,"(German, born Switzerland. 1879–1940)",(German),(1879),(1940),(male),1931,Oil on canvas,"26 1/2 x 21 5/8"" (67.2 x 54.9 cm)",Sidney and Harriet Janis Collection Fund,106.1982,Painting,Painting & Sculpture,1982-04-06,Y,78806,https://www.moma.org/collection/works/78806,https://www.moma.org/media/W1siZiIsIjE1MDk2MCJdLFsicCIsImNvbnZlcnQiLCItcmVzaXplIDEwMjR4MTAyNFx1MDAzZSJdXQ.jpg?sha=dc9584206ad47e97,,,,,67.2,,,54.9,,,surrealism
Gourds,Henri Matisse,3832,"(French, 1869–1954)",(French),(1869),(1954),(male),"Issy-les-Moulineaux, 1915-16 (dated on painting 1916)",Oil on canvas,"25 5/8 x 31 7/8"" (65.1 x 80.9 cm)",Mrs. Simon Guggenheim Fund,109.1935,Painting,Painting & Sculpture,1935-06-13,Y,78817,https://www.moma.org/collection/works/78817,https://www.moma.org/media/W1siZiIsIjE3MDIzNiJdLFsicCIsImNvbnZlcnQiLCItcmVzaXplIDEwMjR4MTAyNFx1MDAzZSJdXQ.jpg?sha=44fe9b52b27e3a62,,,,,65.1,,,80.9,,,impressionism
Figure,André Masson,3821,"(French, 1896–1987)",(French),(1896),(1987),(male),1926-27,Oil and sand on canvas,"18 1/8 x 10 1/2"" (46.1 x 26.9 cm)",Gift of William Rubin,111.1973,Painting,Painting & Sculpture,1973-02-13,Y,78832,https://www.moma.org/collection/works/78832,https://www.moma.org/media/W1siZiIsIjE1MDk3NSJdLFsicCIsImNvbnZlcnQiLCItcmVzaXplIDEwMjR4MTAyNFx1MDAzZSJdXQ.jpg?sha=83839bd52340b948,,,,,46.1,,,26.9,,,surrealism
The Evil Genius of a King,Giorgio de Chirico,1106,"(Italian, born Greece. 1888–1978)",(Italian),(1888),(1978),(male),Paris 1914-15,Oil on canvas,"24 x 19 3/4"" (61 x 50.2 cm)",Purchase,112.1936,Painting,Painting & Sculpture,1936-12-17,Y,78834,https://www.moma.org/collection/works/78834,https://www.moma.org/media/W1siZiIsIjE1MDk3NiJdLFsicCIsImNvbnZlcnQiLCItcmVzaXplIDEwMjR4MTAyNFx1MDAzZSJdXQ.jpg?sha=e8d394fd0c6ed8c7,,,,,61.0,,,50.2,,,metaphysical painting
Joë Bousquet in Bed,Jean Dubuffet,1633,"(French, 1901–1985)",(French),(1901),(1985),(male),January 1947,Oil emulsion in water on canvas,"57 5/8 x 44 7/8"" (146.3 x 114 cm)",Mrs. Simon Guggenheim Fund,114.1961,Painting,Painting & Sculpture,1961-04-11,Y,78851,https://www.moma.org/collection/works/78851,https://www.moma.org/media/W1siZiIsIjE1MDk4MSJdLFsicCIsImNvbnZlcnQiLCItcmVzaXplIDEwMjR4MTAyNFx1MDAzZSJdXQ.jpg?sha=b19cfd7aa2ed0a35,,,,,146.3,,,114.0,,,outsider art
Business Prospers,Jean Dubuffet,1633,"(French, 1901–1985)",(French),(1901),(1985),(male),June 1961,Oil on canvas,"65 x 7'2 5/8"" (165.1 x 220 cm)",Mrs. Simon Guggenheim Fund,115.1962,Painting,Painting & Sculpture,1962-03-06,Y,78856,https://www.moma.org/collection/works/78856,https://www.moma.org/media/W1siZiIsIjMzNjU5NyJdLFsicCIsImNvbnZlcnQiLCItcmVzaXplIDEwMjR4MTAyNFx1MDAzZSJdXQ.jpg?sha=2270b3a4848ff178,,,,,165.1,,,220.0,,,outsider art
Studio with Plaster Head,Pablo Picasso,4609,"(Spanish, 1881–1973)",(Spanish),(1881),(1973),(male),"Juan-les-Pins, summer 1925",Oil on canvas,"38 5/8 x 51 5/8"" (97.9 x 131.1 cm)",Purchase,116.1964,Painting,Painting & Sculpture,1964-02-11,Y,78860,https://www.moma.org/collection/works/78860,https://www.moma.org/media/W1siZiIsIjU4Njk4MSJdLFsicCIsImNvbnZlcnQiLCItcmVzaXplIDEwMjR4MTAyNFx1MDAzZSJdXQ.jpg?sha=345b3b760a495ee7,,,,,97.9,,,131.1,,,surrealism
Woman with Three Hairs Surrounded by Birds in the Night,Joan Miró,4016,"(Spanish, 1893–1983)",(Spanish),(1893),(1983),(male),"Palma, September 2, 1972",Oil on canvas,"7' 11 7/8"" x 66 1/2"" (243.5 x 168.9 cm)",Gift of the artist in honor of James Thrall Soby,116.1973,Painting,Painting & Sculpture,1973-02-13,Y,78862,https://www.moma.org/collection/works/78862,https://www.moma.org/media/W1siZiIsIjE1MDk4NCJdLFsicCIsImNvbnZlcnQiLCItcmVzaXplIDEwMjR4MTAyNFx1MDAzZSJdXQ.jpg?sha=cbdf5f2d450a591c,,,,,243.5,,,168.9,,,surrealism
View of Notre Dame,Henri Matisse,3832,"(French, 1869–1954)",(French),(1869),(1954),(male),"Paris, quai Saint-Michel, spring 1914",Oil on canvas,"58 x 37 1/8"" (147.3 x 94.3 cm)","Acquired through the Lillie P. Bliss Bequest (by exchange), and the Henry Ittleson, A. Conger Goodyear, Mr. and Mrs. Robert Sinclair Funds, and the Anna Erickson Levene Bequest given in memory of her husband, Dr. Phoebus Aaron Theodor Levene",116.1975,Painting,Painting & Sculpture,1975-04-01,Y,78863,https://www.moma.org/collection/works/78863,https://www.moma.org/media/W1siZiIsIjE2NjgxMiJdLFsicCIsImNvbnZlcnQiLCItcmVzaXplIDEwMjR4MTAyNFx1MDAzZSJdXQ.jpg?sha=4588d87453b8924f,,,,,147.3,,,94.3,,,impressionism
In Black and White No. 2 (Africa),Robert Motherwell,4126,"(American, 1915–1991)",(American),(1915),(1991),(male),1975,Acrylic on canvas,"6' 1/4"" x 13' 5"" (183.3 x 408.9 cm)",Given anonymously,117.1984,Painting,Painting & Sculpture,1984-03-20,Y,78870,https://www.moma.org/collection/works/78870,https://www.moma.org/media/W1siZiIsIjE1MDk4NyJdLFsicCIsImNvbnZlcnQiLCItcmVzaXplIDEwMjR4MTAyNFx1MDAzZSJdXQ.jpg?sha=07abc80a96dbbb16,,,,,183.3,,,408.9,,,abstract expressionism
Studio V,Georges Braque,744,"(French, 1882–1963)",(French),(1882),(1963),(male),1949-50,Oil on canvas,"57 7/8 x 69 1/2"" (147 x 176.5 cm)",Acquired through the Lillie P. Bliss Bequest (by exchange),123.2000,Painting,Painting & Sculpture,2000-02-07,Y,78900,https://www.moma.org/collection/works/78900,https://www.moma.org/media/W1siZiIsIjE1MTAwMSJdLFsicCIsImNvbnZlcnQiLCItcmVzaXplIDEwMjR4MTAyNFx1MDAzZSJdXQ.jpg?sha=98543134f3de6539,,,,,147.0028,,,176.5304,,,Cubism
The Piano Lesson,Henri Matisse,3832,"(French, 1869–1954)",(French),(1869),(1954),(male),"Issy-les-Moulineaux, late summer 1916",Oil on canvas,"8' 1/2"" x 6' 11 3/4"" (245.1 x 212.7 cm)",Mrs. Simon Guggenheim Fund,125.1946,Painting,Painting & Sculpture,1946-05-07,Y,78908,https://www.moma.org/collection/works/78908,https://www.moma.org/media/W1siZiIsIjMzMDYxMCJdLFsicCIsImNvbnZlcnQiLCItcmVzaXplIDEwMjR4MTAyNFx1MDAzZSJdXQ.jpg?sha=5251896e73df6bfd,"""MoMA, Floor 5, 506""",,,,245.1,,,212.7,,,impressionism
Poplars,André Derain,1500,"(French, 1880–1954)",(French),(1880),(1954),(male),c. 1900,Oil on canvas,"16 1/4 x 12 7/8"" (41.3 x 32.7 cm)","Bequest of Anna Erickson Levene in memory of her husband, Dr. Phoebus Aaron Theodor Levene",128.1947,Painting,Painting & Sculpture,1947-06-17,Y,78917,https://www.moma.org/collection/works/78917,https://www.moma.org/media/W1siZiIsIjIwODI3MyJdLFsicCIsImNvbnZlcnQiLCItcmVzaXplIDEwMjR4MTAyNFx1MDAzZSJdXQ.jpg?sha=f62d32ce4ed112a3,,,,,41.3,,,32.7,,,Cubism
Before and After,Andy Warhol,6246,"(American, 1928–1987)",(American),(1928),(1987),(male),1961,Casein and pencil on canvas,"54 x 69 7/8"" (137.2 x 177.5 cm)",Gift of David Geffen,128.1995,Painting,Painting & Sculpture,1995-05-08,Y,78921,https://www.moma.org/collection/works/78921,https://www.moma.org/media/W1siZiIsIjEyMTI4OSJdLFsicCIsImNvbnZlcnQiLCItcmVzaXplIDEwMjR4MTAyNFx1MDAzZSJdXQ.jpg?sha=9033300dcc4fce2b,,,,,137.2,,,177.5,,,pop art
"Léautaud, Redskin-Sorcerer",Jean Dubuffet,1633,"(French, 1901–1985)",(French),(1901),(1985),(male),November 1946,Oil on canvas with pebbles and gravel,"36 1/4 x 28 3/4"" (92.1 x 73 cm)",William H. Weintraub Fund,129.1985,Painting,Painting & Sculpture,1985-04-08,Y,78924,https://www.moma.org/collection/works/78924,https://www.moma.org/media/W1siZiIsIjE1MTAwOSJdLFsicCIsImNvbnZlcnQiLCItcmVzaXplIDEwMjR4MTAyNFx1MDAzZSJdXQ.jpg?sha=1d46c8a500bb6130,,,,,92.1,,,73.0,,,outsider art
"Elegy to the Spanish Republic, 54",Robert Motherwell,4126,"(American, 1915–1991)",(American),(1915),(1991),(male),1957-61,Oil on canvas,"70"" x 7' 6 1/4"" (178 x 229 cm)",Given anonymously,132.1961,Painting,Painting & Sculpture,1961-05-16,Y,78936,https://www.moma.org/collection/works/78936,https://www.moma.org/media/W1siZiIsIjE1MTAxNiJdLFsicCIsImNvbnZlcnQiLCItcmVzaXplIDEwMjR4MTAyNFx1MDAzZSJdXQ.jpg?sha=d4de7fe016dfdd20,,,,,178.0,,,229.0,,,abstract expressionism
The Double Dream of Spring,Giorgio de Chirico,1106,"(Italian, born Greece. 1888–1978)",(Italian),(1888),(1978),(male),"Paris, January-May 1915",Oil on canvas,"22 1/8 x 21 3/8"" (56.2 x 54.3 cm)",Gift of James Thrall Soby,138.1957,Painting,Painting & Sculpture,1957-10-09,Y,78956,https://www.moma.org/collection/works/78956,https://www.moma.org/media/W1siZiIsIjQ1NjM4MyJdLFsicCIsImNvbnZlcnQiLCItcmVzaXplIDEwMjR4MTAyNFx1MDAzZSJdXQ.jpg?sha=85f78fc756007f57,,,,,56.2,,,54.3,,,metaphysical painting
Big Julie,Fernand Léger,6624,"(French, 1881–1955)",(French),(1881),(1955),(male),1945,Oil on canvas,"44 x 50 1/8"" (111.8 x 127.3 cm)",Acquired through the Lillie P. Bliss Bequest (by exchange),141.1945,Painting,Painting & Sculpture,1945-04-26,Y,78969,https://www.moma.org/collection/works/78969,https://www.moma.org/media/W1siZiIsIjE1MTAyOSJdLFsicCIsImNvbnZlcnQiLCItcmVzaXplIDEwMjR4MTAyNFx1MDAzZSJdXQ.jpg?sha=2f82d53fb987b346,,,,,111.8,,,127.3,,,Cubism
Madame Derain in Green,André Derain,1500,"(French, 1880–1954)",(French),(1880),(1954),(male),1907,Oil on canvas,"28 3/4 x 23 5/8"" (73 x 60 cm)",Given anonymously,143.1942,Painting,Painting & Sculpture,1942-03-18,Y,78974,https://www.moma.org/collection/works/78974,https://www.moma.org/media/W1siZiIsIjE1MTAzMiJdLFsicCIsImNvbnZlcnQiLCItcmVzaXplIDEwMjR4MTAyNFx1MDAzZSJdXQ.jpg?sha=709d851fcd0b159c,,,,,73.0,,,60.0,,,Cubism
Abstract Painting,Ad Reinhardt,4856,"(American, 1913–1967)",(American),(1913),(1967),(male),1963,Oil on canvas,"60 x 60"" (152.4 x 152.4 cm)",Gift of Mrs. Morton J. Hornick,143.1977,Painting,Painting & Sculpture,1977-03-08,Y,78976,https://www.moma.org/collection/works/78976,https://www.moma.org/media/W1siZiIsIjE3OTI2NCJdLFsicCIsImNvbnZlcnQiLCItcmVzaXplIDEwMjR4MTAyNFx1MDAzZSJdXQ.jpg?sha=0981045e7b7721ac,,,,,152.4,,,152.4,,,abstract expressionism
Still Life with Liqueur Bottle,Pablo Picasso,4609,"(Spanish, 1881–1973)",(Spanish),(1881),(1973),(male),"Horta de San Joan, August 1909",Oil on canvas,"32 1/8 x 25 3/4"" (81.6 x 65.4 cm)",Mrs. Simon Guggenheim Fund,147.1951,Painting,Painting & Sculpture,1951-05-24,Y,78986,https://www.moma.org/collection/works/78986,https://www.moma.org/media/W1siZiIsIjE1MTAzNyJdLFsicCIsImNvbnZlcnQiLCItcmVzaXplIDEwMjR4MTAyNFx1MDAzZSJdXQ.jpg?sha=afc6d39908619b0c,"""MoMA, Floor 5, 503""",,,,81.6,,,65.4,,,surrealism
Chatham VI: Red Blue,Ellsworth Kelly,3048,"(American, 1923–2015)",(American),(1923),(2015),(male),1971,"Oil on canvas, two panels","9' 6 1/2"" x 8' 6 1/4"" (290.8 x 259.7 cm)",Gift of Douglas S. Cramer Foundation,153.1998.a-b,Painting,Painting & Sculpture,1998-03-09,Y,79000,https://www.moma.org/collection/works/79000,https://www.moma.org/media/W1siZiIsIjI1NTg2OSJdLFsicCIsImNvbnZlcnQiLCItcmVzaXplIDEwMjR4MTAyNFx1MDAzZSJdXQ.jpg?sha=6949ab8d946665ce,,,,,290.8,,,259.7,,,abstract art
"Composition with Red, Blue, Black, Yellow, and Gray",Piet Mondrian,4057,"(Dutch, 1872–1944)",(Dutch),(1872),(1944),(male),1921,Oil on canvas,"29 7/8 x 20 5/8"" (76 x 52.4 cm)","Gift of John L. Senior, Jr.",154.1957,Painting,Painting & Sculpture,1957-10-09,Y,79002,https://www.moma.org/collection/works/79002,https://www.moma.org/media/W1siZiIsIjI2NTczOCJdLFsicCIsImNvbnZlcnQiLCItcmVzaXplIDEwMjR4MTAyNFx1MDAzZSJdXQ.jpg?sha=4208b485218b43bc,"""MoMA, Floor 5, 513""",,,,76.0,,,52.4,,,Symbolism
"Elegy to the Spanish Republic, 108",Robert Motherwell,4126,"(American, 1915–1991)",(American),(1915),(1991),(male),1965-67,Oil on canvas,"6' 10"" x 11' 6 1/4"" (208.2 x 351.1 cm)",Charles Mergentime Fund,155.1970,Painting,Painting & Sculpture,1970-04-10,Y,79007,https://www.moma.org/collection/works/79007,https://www.moma.org/media/W1siZiIsIjIwMzkzOCJdLFsicCIsImNvbnZlcnQiLCItcmVzaXplIDEwMjR4MTAyNFx1MDAzZSJdXQ.jpg?sha=f55543ad7515fda7,,,,,208.2,,,351.1,,,abstract expressionism
The Serenity of the Scholar,Giorgio de Chirico,1106,"(Italian, born Greece. 1888–1978)",(Italian),(1888),(1978),(male),"Paris, April-May 1914",Oil and charcoal on canvas,"51 1/4 x 28 1/2"" (130.1 x 72.4 cm)",Gift of Sylvia Slifka in honor of Joseph Slifka,156.1997,Painting,Painting & Sculpture,1997-04-07,Y,79011,https://www.moma.org/collection/works/79011,https://www.moma.org/media/W1siZiIsIjE1MTA0NSJdLFsicCIsImNvbnZlcnQiLCItcmVzaXplIDEwMjR4MTAyNFx1MDAzZSJdXQ.jpg?sha=4bbbdce31d6b0dd2,,,,,130.1,,,72.4,,,metaphysical painting
Pastorale (Rhythms),Paul Klee,3130,"(German, born Switzerland. 1879–1940)",(German),(1879),(1940),(male),1927,Tempera on canvas mounted on wood,"27 1/4 x 20 5/8"" (69.3 x 52.4 cm)",Abby Aldrich Rockefeller Fund and exchange,157.1945,Painting,Painting & Sculpture,1945-06-13,Y,79012,https://www.moma.org/collection/works/79012,https://www.moma.org/media/W1siZiIsIjE1MTA0NiJdLFsicCIsImNvbnZlcnQiLCItcmVzaXplIDEwMjR4MTAyNFx1MDAzZSJdXQ.jpg?sha=ab525e476ca35477,,,,,69.3,,,52.4,,,surrealism
Chasuble,Henri Matisse,3832,"(French, 1869–1954)",(French),(1869),(1954),(male),c. 1950,"Silk with appliqué of silk satin, shantung, and velvet, lined","36"" x 54"" (91.4 x 137.2 cm)",Gift of Mrs. Gertrud A. Mellon,162.1955,Painting,Painting & Sculpture,1955-06-16,Y,79020,https://www.moma.org/collection/works/79020,,,,0.0,,91.4401828804,,,137.1602743205,,,impressionism
Dutch Interior (I),Joan Miró,4016,"(Spanish, 1893–1983)",(Spanish),(1893),(1983),(male),"Montroig, July-December 1928",Oil on canvas,"36 1/8 x 28 3/4"" (91.8 x 73 cm)",Mrs. Simon Guggenheim Fund,163.1945,Painting,Painting & Sculpture,1945-12-17,Y,79023,https://www.moma.org/collection/works/79023,https://www.moma.org/media/W1siZiIsIjQwMTY1MiJdLFsicCIsImNvbnZlcnQiLCItcmVzaXplIDEwMjR4MTAyNFx1MDAzZSJdXQ.jpg?sha=9c1feb1c8b6bdd8e,,,,,91.8,,,73.0,,,surrealism
Chasuble,Henri Matisse,3832,"(French, 1869–1954)",(French),(1869),(1954),(male),c. 1950,"Silk with appliqué of silk satin, shantung, and velvet, lined","51"" x 76"" (129.5 x 193 cm)",Gift of Mrs. Gertrud A. Mellon,163.1955,Painting,Painting & Sculpture,1955-06-16,Y,79024,https://www.moma.org/collection/works/79024,,,,0.0,,129.5402590805,,,193.0403860808,,,impressionism
Chasuble,Henri Matisse,3832,"(French, 1869–1954)",(French),(1869),(1954),(male),c. 1950,"Silk with appliqué of silk satin, shantung, and velvet, lined","47 x 70"" (119.4 x 177.8 cm)",Gift of William V. Griffin in memory of his wife,164.1955,Painting,Painting & Sculpture,1955-06-16,Y,79029,https://www.moma.org/collection/works/79029,,,,0.0,,119.3802387605,,,177.8003556007,,,impressionism
Interior with Mobile,Roy Lichtenstein,3542,"(American, 1923–1997)",(American),(1923),(1997),(male),1992,Oil and magna on canvas,"10' 10"" x 14' 3"" (330.2 x 434.4 cm)","Enid A. Haupt Fund; gift of Agnes Gund, Jo Carole and Ronald S. Lauder, Michael and Judy Ovitz in honor of Roy and Dorothy Lichtenstein; and Anna Marie and Robert F. Shapiro",165.1992,Painting,Painting & Sculpture,1992-02-10,Y,79031,https://www.moma.org/collection/works/79031,https://www.moma.org/media/W1siZiIsIjE1ODEyMSJdLFsicCIsImNvbnZlcnQiLCItcmVzaXplIDEwMjR4MTAyNFx1MDAzZSJdXQ.jpg?sha=f024691f4c296217,,,,,330.2,,,434.4,,,pop art
"October 18, 1977",Gerhard Richter,4907,"(German, born 1932)",(German),(1932),(0),(male),1988,"Oil on canvas, fifteen panels",Installation variable,"The Sidney and Harriet Janis Collection, gift of Philip Johnson, and acquired through the Lillie P. Bliss Bequest (all by exchange); Enid A. Haupt Fund; Nina and Gordon Bunshaft Bequest Fund; and gift of Emily Rauh Pulitzer",169.1995.a-o,Painting,Painting & Sculpture,1995-05-30,Y,79037,https://www.moma.org/collection/works/79037,https://www.moma.org/media/W1siZiIsIjE1MTA1NiJdLFsicCIsImNvbnZlcnQiLCItcmVzaXplIDEwMjR4MTAyNFx1MDAzZSJdXQ.jpg?sha=80ec2da32753ab1d,,,,,,,,,,,capitalist realism
Propellers,Fernand Léger,6624,"(French, 1881–1955)",(French),(1881),(1955),(male),1918,Oil on canvas,"31 7/8 x 25 3/4"" (80.9 x 65.4 cm)",Katherine S. Dreier Bequest,171.1953,Painting,Painting & Sculpture,1953-04-07,Y,79039,https://www.moma.org/collection/works/79039,https://www.moma.org/media/W1siZiIsIjQwMjg3MSJdLFsicCIsImNvbnZlcnQiLCItcmVzaXplIDEwMjR4MTAyNFx1MDAzZSJdXQ.jpg?sha=2f644f012f989b09,"""MoMA, Floor 5, 503""",,,,80.9,,,65.4,,,Cubism
Man with a Guitar,Georges Braque,744,"(French, 1882–1963)",(French),(1882),(1963),(male),"Céret, summer 1911-early 1912",Oil on canvas,"45 3/4 x 31 7/8"" (116.2 x 80.9 cm)",Acquired through the Lillie P. Bliss Bequest (by exchange),175.1945,Painting,Painting & Sculpture,1945-12-17,Y,79048,https://www.moma.org/collection/works/79048,https://www.moma.org/media/W1siZiIsIjQzODQ0NiJdLFsicCIsImNvbnZlcnQiLCItcmVzaXplIDEwMjR4MTAyNFx1MDAzZSJdXQ.jpg?sha=b5b124486e4eef8c,"""MoMA, Floor 5, 503""",,,,116.2,,,80.9,,,Cubism
"""Ma Jolie""",Pablo Picasso,4609,"(Spanish, 1881–1973)",(Spanish),(1881),(1973),(male),"Paris, winter 1911-12",Oil on canvas,"39 3/8 x 25 3/4"" (100 x 64.5 cm)",Acquired through the Lillie P. Bliss Bequest (by exchange),176.1945,Painting,Painting & Sculpture,1945-12-17,Y,79051,https://www.moma.org/collection/works/79051,https://www.moma.org/media/W1siZiIsIjI5ODcxMSJdLFsicCIsImNvbnZlcnQiLCItcmVzaXplIDEwMjR4MTAyNFx1MDAzZSJdXQ.jpg?sha=da042d35dc4f5cf9,,,,,100.0,,,64.5,,,surrealism
Card Player,Pablo Picasso,4609,"(Spanish, 1881–1973)",(Spanish),(1881),(1973),(male),"Paris, winter 1913-14",Oil on canvas,"42 1/2 x 35 1/4"" (108 x 89.5 cm)",Acquired through the Lillie P. Bliss Bequest (by exchange),177.1945,Painting,Painting & Sculpture,1945-12-17,Y,79052,https://www.moma.org/collection/works/79052,https://www.moma.org/media/W1siZiIsIjIzNjM1NSJdLFsicCIsImNvbnZlcnQiLCItcmVzaXplIDEwMjR4MTAyNFx1MDAzZSJdXQ.jpg?sha=ccf38001c74e7831,,,,,108.0,,,89.5,,,surrealism
The Baluster,Fernand Léger,6624,"(French, 1881–1955)",(French),(1881),(1955),(male),1925,Oil on canvas,"51 x 38 1/4"" (129.5 x 97.2 cm)",Mrs. Simon Guggenheim Fund,179.1952,Painting,Painting & Sculpture,1952-10-21,Y,79058,https://www.moma.org/collection/works/79058,https://www.moma.org/media/W1siZiIsIjE1MTA4MCJdLFsicCIsImNvbnZlcnQiLCItcmVzaXplIDEwMjR4MTAyNFx1MDAzZSJdXQ.jpg?sha=3eaa8cca99daa778,,,,,129.5,,,97.2,,,Cubism
Tableau I: Lozenge with Four Lines and Gray,Piet Mondrian,4057,"(Dutch, 1872–1944)",(Dutch),(1872),(1944),(male),1926,Oil on canvas,"46 1/8 × 45 1/2"" (117.2 × 115.6 cm)",Katherine S. Dreier Bequest,179.1953,Painting,Painting & Sculpture,1953-04-07,Y,79059,https://www.moma.org/collection/works/79059,https://www.moma.org/media/W1siZiIsIjI2NTczOSJdLFsicCIsImNvbnZlcnQiLCItcmVzaXplIDEwMjR4MTAyNFx1MDAzZSJdXQ.jpg?sha=ed964188249680e4,"""MoMA, Floor 5, 512""",,,,113.6652,,,111.7602,,,Symbolism
"APR. 24, 1990",On Kawara,3030,"(Japanese, 1933–2014)",(Japanese),(1933),(0),(male),1990,Acrylic on canvas,"18 1/4 × 24"" (46.4 × 61 cm), box 2 × 24 × 18 3/4"" (5.1 × 61 × 47.6 cm)",Gift of Werner and Elaine Dannheisser,183.1996.1-2,Painting,Painting & Sculpture,1996-04-09,Y,79067,https://www.moma.org/collection/works/79067,https://www.moma.org/media/W1siZiIsIjE1OTE5MCJdLFsicCIsImNvbnZlcnQiLCItcmVzaXplIDEwMjR4MTAyNFx1MDAzZSJdXQ.jpg?sha=716d8787f54d491d,,,,,46.4,,,61.0,,,
Full Fathom Five,Jackson Pollock,4675,"(American, 1912–1956)",(American),(1912),(1956),(male),1947,"Oil on canvas with nails, tacks, buttons, key, coins, cigarettes, matches, etc.","50 7/8 x 30 1/8"" (129.2 x 76.5 cm)",Gift of Peggy Guggenheim,186.1952,Painting,Painting & Sculpture,1952-10-21,Y,79070,https://www.moma.org/collection/works/79070,https://www.moma.org/media/W1siZiIsIjQ2ODMxNSJdLFsicCIsImNvbnZlcnQiLCItcmVzaXplIDEwMjR4MTAyNFx1MDAzZSJdXQ.jpg?sha=0aeeb560b4312eb4,,,,,129.2,,,76.5,,,abstract expressionism
Wall with Inscriptions,Jean Dubuffet,1633,"(French, 1901–1985)",(French),(1901),(1985),(male),April 1945,Oil on canvas,"39 3/8 x 31 7/8"" (99.7 x 81 cm)",Nina and Gordon Bunshaft Fund,186.1966,Painting,Painting & Sculpture,1966-04-12,Y,79071,https://www.moma.org/collection/works/79071,https://www.moma.org/media/W1siZiIsIjE1MTA4NCJdLFsicCIsImNvbnZlcnQiLCItcmVzaXplIDEwMjR4MTAyNFx1MDAzZSJdXQ.jpg?sha=94741ef1a99d737e,,,,,99.7,,,81.0,,,outsider art
The Last Supper,Andy Warhol,6246,"(American, 1928–1987)",(American),(1928),(1987),(male),1986,Synthetic polymer paint on canvas,"9' 11 1/4"" x 21' 11 1/4"" (302.9 x 668.7 cm)",Gift of the Andy Warhol Foundation for the Visual Arts,186.1994,Painting,Painting & Sculpture,1994-03-07,Y,79072,https://www.moma.org/collection/works/79072,https://www.moma.org/media/W1siZiIsIjE1OTE5MSJdLFsicCIsImNvbnZlcnQiLCItcmVzaXplIDEwMjR4MTAyNFx1MDAzZSJdXQ.jpg?sha=b33797245e269cfd,,,,,302.9,,,668.7,,,pop art
Three Women,Fernand Léger,6624,"(French, 1881–1955)",(French),(1881),(1955),(male),1921-22,Oil on canvas,"6' 1/4"" x 8' 3"" (183.5 x 251.5 cm)",Mrs. Simon Guggenheim Fund,189.1942,Painting,Painting & Sculpture,1942-03-18,Y,79078,https://www.moma.org/collection/works/79078,https://www.moma.org/media/W1siZiIsIjM5NTgyOSJdLFsicCIsImNvbnZlcnQiLCItcmVzaXplIDEwMjR4MTAyNFx1MDAzZSJdXQ.jpg?sha=a0a4d362a4b3c35c,"""MoMA, Floor 5, 513""",,,,183.5,,,251.5,,,Cubism
London Bridge,André Derain,1500,"(French, 1880–1954)",(French),(1880),(1954),(male),"London, winter 1906",Oil on canvas,"26 x 39"" (66 x 99.1 cm)",Gift of Mr. and Mrs. Charles Zadok,195.1952,Painting,Painting & Sculpture,1951-11-07,Y,79103,https://www.moma.org/collection/works/79103,https://www.moma.org/media/W1siZiIsIjE1MTA5MyJdLFsicCIsImNvbnZlcnQiLCItcmVzaXplIDEwMjR4MTAyNFx1MDAzZSJdXQ.jpg?sha=96440605c7d8da18,,,,,66.0,,,99.1,,,Cubism
Goldfish and Sculpture,Henri Matisse,3832,"(French, 1869–1954)",(French),(1869),(1954),(male),"Issy-les-Moulineaux, spring-summer 1912",Oil on canvas,"46 x 39 5/8"" (116.2 x 100.5 cm)",Gift of Mr. and Mrs. John Hay Whitney,199.1955,Painting,Painting & Sculpture,1955-10-10,Y,79117,https://www.moma.org/collection/works/79117,https://www.moma.org/media/W1siZiIsIjE3MzIzMiJdLFsicCIsImNvbnZlcnQiLCItcmVzaXplIDEwMjR4MTAyNFx1MDAzZSJdXQ.jpg?sha=8a1d828e4d38ed30,,,,,116.2,,,100.5,,,impressionism
Head,Philip Guston,2419,"(American, born Canada. 1913–1980)",(American),(1913),(1980),(male),1977,Oil on canvas,"69 5/8"" x 7' 1"" (176.8 x 215.7 cm)",Musa Guston Bequest,200.1992,Painting,Painting & Sculpture,1992-05-11,Y,79122,https://www.moma.org/collection/works/79122,https://www.moma.org/media/W1siZiIsIjE1MTEwMCJdLFsicCIsImNvbnZlcnQiLCItcmVzaXplIDEwMjR4MTAyNFx1MDAzZSJdXQ.jpg?sha=7ec6aa127a6d1263,,,,,176.8,,,215.7,,,abstract expressionism
Dance (I),Henri Matisse,3832,"(French, 1869–1954)",(French),(1869),(1954),(male),"Paris, Boulevard des Invalides, early 1909",Oil on canvas,"8' 6 1/2"" × 12 9 11/16"" (260.4 × 390.4 cm)","Gift of Nelson A. Rockefeller in honor of Alfred H. Barr, Jr.",201.1963,Painting,Painting & Sculpture,1963-04-09,Y,79124,https://www.moma.org/collection/works/79124,https://www.moma.org/media/W1siZiIsIjQ3NzE5MyJdLFsicCIsImNvbnZlcnQiLCItcmVzaXplIDEwMjR4MTAyNFx1MDAzZSJdXQ.jpg?sha=27a4ad073182cf2f,"""MoMA, Floor 5, 506""",,,,260.350520701,,,390.3670307341,,,impressionism
Untitled,Philip Guston,2419,"(American, born Canada. 1913–1980)",(American),(1913),(1980),(male),1969,Acrylic on board,"29 3/4 x 32"" (75.8 x 81.2 cm)",Musa Guston Bequest,201.1992,Painting,Painting & Sculpture,1992-05-11,Y,79126,https://www.moma.org/collection/works/79126,https://www.moma.org/media/W1siZiIsIjE2MDUzMSJdLFsicCIsImNvbnZlcnQiLCItcmVzaXplIDEwMjR4MTAyNFx1MDAzZSJdXQ.jpg?sha=74698227f34008e7,,,,,75.8,,,81.2,,,abstract expressionism
Portrait of a Man in a Late Nineteenth-Century Frame,Joan Miró,4016,"(Spanish, 1893–1983)",(Spanish),(1893),(1983),(male),1950,Oil on canvas with wood frame,"57 1/2 x 49 1/4"" (146 x 125 cm) including frame",Gift of Mr. and Mrs. Pierre Matisse,210.1972,Painting,Painting & Sculpture,1972-06-01,Y,79153,https://www.moma.org/collection/works/79153,https://www.moma.org/media/W1siZiIsIjIxMDY5NSJdLFsicCIsImNvbnZlcnQiLCItcmVzaXplIDEwMjR4MTAyNFx1MDAzZSJdXQ.jpg?sha=31e00ee8be618afb,,,,,96.2,,,80.0,,,surrealism
Parachiffre XLIV,Jean Dubuffet,1633,"(French, 1901–1985)",(French),(1901),(1985),(male),1975,"Vinyl paint and synthetic polymer paint on paper, mounted on canvas","27 x 38 5/8"" (68.6 x 98.2 cm)",Gift of the American Art Foundation,210.1977,Painting,Painting & Sculpture,1977-05-10,Y,79154,https://www.moma.org/collection/works/79154,https://www.moma.org/media/W1siZiIsIjIwODQ5NSJdLFsicCIsImNvbnZlcnQiLCItcmVzaXplIDEwMjR4MTAyNFx1MDAzZSJdXQ.jpg?sha=fba8d623c9594374,,,,,68.6,,,98.1,,,outsider art
Welkom,Frank Stella,5640,"(American, 1936–2024)",(American),(1936),(2024),(male),1982,"Aluminum hollow core panel relief, with folded papers and glue, in six parts","7' 11 1/4"" x 7' 9"" x 63"" (242 x 237.5 x 160.1 cm)",Gift of Donald B. Marron,212.1982,Painting,Painting & Sculpture,1982-10-12,Y,79163,https://www.moma.org/collection/works/79163,https://www.moma.org/media/W1siZiIsIjE2NTc4NCJdLFsicCIsImNvbnZlcnQiLCItcmVzaXplIDEwMjR4MTAyNFx1MDAzZSJdXQ.jpg?sha=3cfaecb10748ac15,,,160.1,,242.0,,,237.5,,,minimalism
The Studio,Pablo Picasso,4609,"(Spanish, 1881–1973)",(Spanish),(1881),(1973),(male),"Paris, winter 1927-28",Oil on canvas,"59"" x 7' 7"" (149.9 x 231.2 cm)","Gift of Walter P. Chrysler, Jr.",213.1935,Painting,Painting & Sculpture,1935-11-12,Y,79164,https://www.moma.org/collection/works/79164,https://www.moma.org/media/W1siZiIsIjE1MTEwNSJdLFsicCIsImNvbnZlcnQiLCItcmVzaXplIDEwMjR4MTAyNFx1MDAzZSJdXQ.jpg?sha=aeeeed680e98e546,,,,,149.9,,,231.2,,,surrealism
Apache (Man on Horseback),Odilon Redon,4840,"(French, 1840–1916)",(French),(1840),(1916),(male),c. 1875,Oil over traces of black chalk on tan cardstock mounted on canvas,"9 7/8 x 12 3/4"" (25.1 x 32.4 cm)",Gift of The Ian Woodner Family Collection,217.2000,Painting,Painting & Sculpture,2000-04-10,Y,79173,https://www.moma.org/collection/works/79173,https://www.moma.org/media/W1siZiIsIjE1MTEwOSJdLFsicCIsImNvbnZlcnQiLCItcmVzaXplIDEwMjR4MTAyNFx1MDAzZSJdXQ.jpg?sha=c7f94f8fcf60a831,,,,,25.0826,,,32.4,,,Symbolism
Apache (Man on Horseback II),Odilon Redon,4840,"(French, 1840–1916)",(French),(1840),(1916),(male),(c. 1875),Oil on tan wove paper mounted on tan board,"9 1/8 x 12 3/4"" (23.2 x 32.4 cm)",Gift of The Ian Woodner Family Collection,218.2000,Painting,Painting & Sculpture,2000-04-10,Y,79175,https://www.moma.org/collection/works/79175,https://www.moma.org/media/W1siZiIsIjE1MTExMCJdLFsicCIsImNvbnZlcnQiLCItcmVzaXplIDEwMjR4MTAyNFx1MDAzZSJdXQ.jpg?sha=09c4f27d8e985187,,,,,23.1775,,,32.4,,,Symbolism
Apparition,Odilon Redon,4840,"(French, 1840–1916)",(French),(1840),(1916),(male),c. 1905,Oil on wood panel with wood cradle at top and bottom,"26 3/8 x 15 3/4"" (67 x 40 cm)",Gift of The Ian Woodner Family Collection,219.2000,Painting,Painting & Sculpture,2000-04-10,Y,79176,https://www.moma.org/collection/works/79176,https://www.moma.org/media/W1siZiIsIjE1OTE5OSJdLFsicCIsImNvbnZlcnQiLCItcmVzaXplIDEwMjR4MTAyNFx1MDAzZSJdXQ.jpg?sha=7907958aef026a3c,,,,,66.9926,,,40.0,,,Symbolism
Trees in Bièvres,Odilon Redon,4840,"(French, 1840–1916)",(French),(1840),(1916),(male),after 1900,Oil on canvas,"24 1/8 x 19 7/8"" (61.3 x 50.5 cm)",Gift of The Ian Woodner Family Collection,220.2000,Painting,Painting & Sculpture,2000-04-10,Y,79177,https://www.moma.org/collection/works/79177,https://www.moma.org/media/W1siZiIsIjE1MTExNCJdLFsicCIsImNvbnZlcnQiLCItcmVzaXplIDEwMjR4MTAyNFx1MDAzZSJdXQ.jpg?sha=0cfe4be14ad21e48,,,,,61.3,,,50.4826,,,Symbolism
Extinction of Useless Lights,Yves Tanguy,5804,"(American, born France. 1900–1955)",(American),(1900),(1955),(male),1927,Oil on canvas,"36 1/4 x 25 3/4"" (92.1 x 65.4 cm)",Purchase,220.1936,Painting,Painting & Sculpture,1935-12-04,Y,79178,https://www.moma.org/collection/works/79178,https://www.moma.org/media/W1siZiIsIjQ2NzQ4NyJdLFsicCIsImNvbnZlcnQiLCItcmVzaXplIDEwMjR4MTAyNFx1MDAzZSJdXQ.jpg?sha=1b9bcf7c9295b829,,,,,92.1,,,65.4,,,surrealism
Trees in the Blue Sky,Odilon Redon,4840,"(French, 1840–1916)",(French),(1840),(1916),(male),c. 1883,Oil over traces of graphite on light-brown wove paper mounted on board,"11 7/8 x 9 1/2"" (30.2 x 24.1 cm)",Gift of The Ian Woodner Family Collection,221.2000,Painting,Painting & Sculpture,2000-04-10,Y,79179,https://www.moma.org/collection/works/79179,https://www.moma.org/media/W1siZiIsIjE1MTExNSJdLFsicCIsImNvbnZlcnQiLCItcmVzaXplIDEwMjR4MTAyNFx1MDAzZSJdXQ.jpg?sha=17346ae8669564aa,,,,,30.2,,,24.4475,,,Symbolism
Fishing Boat,Odilon Redon,4840,"(French, 1840–1916)",(French),(1840),(1916),(male),c. 1875,Oil on canvas mounted on canvas,"6 5/8 x 8 5/8"" (16.8 x 21.9 cm)",Gift of The Ian Woodner Family Collection,222.2000,Painting,Painting & Sculpture,2000-04-10,Y,79180,https://www.moma.org/collection/works/79180,https://www.moma.org/media/W1siZiIsIjE1MTExNyJdLFsicCIsImNvbnZlcnQiLCItcmVzaXplIDEwMjR4MTAyNFx1MDAzZSJdXQ.jpg?sha=c191e5eaf49d3587,,,,,16.8275,,,21.9075,,,Symbolism
The Chariot of Apollo,Odilon Redon,4840,"(French, 1840–1916)",(French),(1840),(1916),(male),c. 1912,Oil on canvas,"39 1/4 x 29 1/2"" (99.7 x 74.9 cm)",Gift of The Ian Woodner Family Collection,223.2000,Painting,Painting & Sculpture,2000-04-10,Y,79182,https://www.moma.org/collection/works/79182,https://www.moma.org/media/W1siZiIsIjE1MTExOSJdLFsicCIsImNvbnZlcnQiLCItcmVzaXplIDEwMjR4MTAyNFx1MDAzZSJdXQ.jpg?sha=ee5d11b0ccdc18d4,,,,,99.6952,,,74.9301,,,Symbolism
Jacob and the Angel,Odilon Redon,4840,"(French, 1840–1916)",(French),(1840),(1916),(male),c. 1907,Oil on board,"18 1/2 x 16 5/16"" (47 x 41.6 cm)",Gift of The Ian Woodner Family Collection,224.2000,Painting,Painting & Sculpture,2000-04-10,Y,79185,https://www.moma.org/collection/works/79185,https://www.moma.org/media/W1siZiIsIjE1MTEyMCJdLFsicCIsImNvbnZlcnQiLCItcmVzaXplIDEwMjR4MTAyNFx1MDAzZSJdXQ.jpg?sha=c32958c85377f298,,,,,47.0,,,41.5926,,,Symbolism
Memory of Oceania,Henri Matisse,3832,"(French, 1869–1954)",(French),(1869),(1954),(male),"Nice-Cimiez, Hôtel Régina, summer 1952-early 1953","Gouache on paper, cut and pasted, and charcoal on paper mounted on canvas","9' 4"" x 9' 4 7/8"" (284.4 x 286.4 cm)",Mrs. Simon Guggenheim Fund,224.1968,Painting,Painting & Sculpture,1968-03-12,Y,79187,https://www.moma.org/collection/works/79187,https://www.moma.org/media/W1siZiIsIjI3OTI5MiJdLFsicCIsImNvbnZlcnQiLCItcmVzaXplIDEwMjR4MTAyNFx1MDAzZSJdXQ.jpg?sha=461a93c31f3adabb,,,,,284.4,,,286.4,,,impressionism
Composition: Flowers without a Vase,Odilon Redon,4840,"(French, 1840–1916)",(French),(1840),(1916),(male),c. 1905,Oil on unglazed tile,"8 1/8 x 8"" (20.6 x 20.3 cm)",Gift of The Ian Woodner Family Collection,225.2000,Painting,Painting & Sculpture,2000-04-10,Y,79188,https://www.moma.org/collection/works/79188,https://www.moma.org/media/W1siZiIsIjE1MTEyMSJdLFsicCIsImNvbnZlcnQiLCItcmVzaXplIDEwMjR4MTAyNFx1MDAzZSJdXQ.jpg?sha=cdd5438b220a202b,,,,,20.6375,,,20.3,,,Symbolism
Wildflowers in a Long Neck Vase,Odilon Redon,4840,"(French, 1840–1916)",(French),(1840),(1916),(male),c. 1912,Oil on canvas,"25 3/4 x 19 7/8"" (65.4 x 50.5 cm)",Gift of The Ian Woodner Family Collection,227.2000,Painting,Painting & Sculpture,2000-04-10,Y,79194,https://www.moma.org/collection/works/79194,https://www.moma.org/media/W1siZiIsIjE1MTEyMyJdLFsicCIsImNvbnZlcnQiLCItcmVzaXplIDEwMjR4MTAyNFx1MDAzZSJdXQ.jpg?sha=ce5ad65eac1293a1,,,,,65.4051,,,50.4826,,,Symbolism
Seated Man,Odilon Redon,4840,"(French, 1840–1916)",(French),(1840),(1916),(male),c. 1910,Oil over charcoal on gray board,"8 5/8 x 9 1/4"" (21.9 x 23.5 cm)",Gift of The Ian Woodner Family Collection,228.2000,Painting,Painting & Sculpture,2000-04-10,Y,79197,https://www.moma.org/collection/works/79197,https://www.moma.org/media/W1siZiIsIjE1MTEyNCJdLFsicCIsImNvbnZlcnQiLCItcmVzaXplIDEwMjR4MTAyNFx1MDAzZSJdXQ.jpg?sha=fc4d3a3126889338,,,,,21.9075,,,23.495,,,Symbolism
The Birth of Venus,Odilon Redon,4840,"(French, 1840–1916)",(French),(1840),(1916),(male),c. 1912,Oil on canvas,"56 3/8 x 24 5/8"" (143.2 x 62.5 cm)",Gift of The Ian Woodner Family Collection,229.2000,Painting,Painting & Sculpture,2000-04-10,Y,79201,https://www.moma.org/collection/works/79201,https://www.moma.org/media/W1siZiIsIjE1MTEyNiJdLFsicCIsImNvbnZlcnQiLCItcmVzaXplIDEwMjR4MTAyNFx1MDAzZSJdXQ.jpg?sha=2ed96e15e5a79cb9,,,,,143.1928,,,62.5476,,,Symbolism
Painting,Joan Miró,4016,"(Spanish, 1893–1983)",(Spanish),(1893),(1983),(male),"Barcelona, June 13, 1933",Oil on canvas,"68 1/2 x 6' 5 1/4"" (174 x 196.2 cm)",Loula D. Lasker Bequest (by exchange),229.1937,Painting,Painting & Sculpture,1937-09-23,Y,79202,https://www.moma.org/collection/works/79202,https://www.moma.org/media/W1siZiIsIjE1NzQ2MyJdLFsicCIsImNvbnZlcnQiLCItcmVzaXplIDEwMjR4MTAyNFx1MDAzZSJdXQ.jpg?sha=b3de26a0370b217b,,,,,174.0,,,196.2,,,surrealism
Landscape at Daybreak,Odilon Redon,4840,"(French, 1840–1916)",(French),(1840),(1916),(male),1872,Oil on canvas,"15 1/8 x 21 3/4"" (38.4 x 55.3 cm)",Gift of The Ian Woodner Family Collection,230.2000,Painting,Painting & Sculpture,2000-04-10,N,79207,,,,,,,38.4,,,55.3,,,Symbolism
Landscape,Odilon Redon,4840,"(French, 1840–1916)",(French),(1840),(1916),(male),after 1900,Oil on canvas,"15 1/4 x 21 7/8"" (38.7 x 55.6 cm)",Gift of The Ian Woodner Family Collection,231.2000,Painting,Painting & Sculpture,2000-04-10,Y,79210,https://www.moma.org/collection/works/79210,https://www.moma.org/media/W1siZiIsIjE1MTEzMiJdLFsicCIsImNvbnZlcnQiLCItcmVzaXplIDEwMjR4MTAyNFx1MDAzZSJdXQ.jpg?sha=1eb68f624995cd17,,,,,38.7351,,,55.5626,,,Symbolism
Rocky Peak,Odilon Redon,4840,"(French, 1840–1916)",(French),(1840),(1916),(male),c. 1875,Oil on cream wove cardstock mounted on board mounted on wood,"9 3/4 x 13"" (24.8 x 33 cm)",Gift of The Ian Woodner Family Collection,232.2000,Painting,Painting & Sculpture,2000-04-10,Y,79214,https://www.moma.org/collection/works/79214,https://www.moma.org/media/W1siZiIsIjE1MTEzNCJdLFsicCIsImNvbnZlcnQiLCItcmVzaXplIDEwMjR4MTAyNFx1MDAzZSJdXQ.jpg?sha=1a86fc1c09c65568,,,,,24.765,,,33.0201,,,Symbolism
Untitled (Portrait of Henry de Montherlant),Gerhard Richter,4907,"(German, born 1932)",(German),(1932),(0),(male),1971,Oil on canvas,"27 5/8 x 21 7/8"" (70.2 x 55.5 cm)",Gift of Jo Carole and Ronald S. Lauder,232.1991,Painting,Painting & Sculpture,1991-10-07,Y,79215,https://www.moma.org/collection/works/79215,https://www.moma.org/media/W1siZiIsIjE1MTEzMyJdLFsicCIsImNvbnZlcnQiLCItcmVzaXplIDEwMjR4MTAyNFx1MDAzZSJdXQ.jpg?sha=6a6d3ab3dc2d273c,,,,,70.2,,,55.5,,,capitalist realism
Profile,Odilon Redon,4840,"(French, 1840–1916)",(French),(1840),(1916),(male),c. 1895,Oil on paper mounted on canvas,"19 7/8 x 15 1/8"" (50.5 x 38.4 cm)",Gift of The Ian Woodner Family Collection,233.2000,Painting,Painting & Sculpture,2000-04-10,Y,79216,https://www.moma.org/collection/works/79216,https://www.moma.org/media/W1siZiIsIjE1MTEzNyJdLFsicCIsImNvbnZlcnQiLCItcmVzaXplIDEwMjR4MTAyNFx1MDAzZSJdXQ.jpg?sha=26e022b2cdf99ed2,,,,,50.5,,,38.4,,,Symbolism
The Rocky Slope,Odilon Redon,4840,"(French, 1840–1916)",(French),(1840),(1916),(male),c. 1875,Oil over black chalk on tan cardstock mounted on canvas,"9 7/8 x 12 7/8"" (25.1 x 32.7 cm)",Gift of The Ian Woodner Family Collection,234.2000,Painting,Painting & Sculpture,2000-04-10,Y,79219,https://www.moma.org/collection/works/79219,https://www.moma.org/media/W1siZiIsIjE1MTEzOSJdLFsicCIsImNvbnZlcnQiLCItcmVzaXplIDEwMjR4MTAyNFx1MDAzZSJdXQ.jpg?sha=b804851881d8795f,,,,,25.0826,,,32.7026,,,Symbolism
Orange Car Crash Fourteen Times,Andy Warhol,6246,"(American, 1928–1987)",(American),(1928),(1987),(male),1963,Silkscreen ink on acrylic on two canvases,"8' 9 7/8"" x 13' 8 1/8"" (268.9 x 416.9 cm)",Gift of Philip Johnson,234.1991.a-b,Painting,Painting & Sculpture,1991-10-07,Y,79223,https://www.moma.org/collection/works/79223,https://www.moma.org/media/W1siZiIsIjE1MTEzOCJdLFsicCIsImNvbnZlcnQiLCItcmVzaXplIDEwMjR4MTAyNFx1MDAzZSJdXQ.jpg?sha=b33157829746941a,,,,,268.9,,,208.6,,,pop art
"Landscape with Rocks, near Royan",Odilon Redon,4840,"(French, 1840–1916)",(French),(1840),(1916),(male),c. 1875,Oil over black chalk on gray cardstock mounted on tan board,"8 3/8 x 10 1/2"" (21.3 x 26.7 cm)",Gift of The Ian Woodner Family Collection,235.2000,Painting,Painting & Sculpture,2000-04-10,Y,79224,https://www.moma.org/collection/works/79224,https://www.moma.org/media/W1siZiIsIjE1MTE0MyJdLFsicCIsImNvbnZlcnQiLCItcmVzaXplIDEwMjR4MTAyNFx1MDAzZSJdXQ.jpg?sha=51000f2d8fe2a558,,,,,21.2,,,26.8,,,Symbolism
Rocks on the Beach,Odilon Redon,4840,"(French, 1840–1916)",(French),(1840),(1916),(male),c. 1883,Oil on paper mounted on canvas,"10 1/4 x 14 1/4"" (26 x 36.2 cm)",Gift of The Ian Woodner Family Collection,236.2000,Painting,Painting & Sculpture,2000-04-10,Y,79229,https://www.moma.org/collection/works/79229,https://www.moma.org/media/W1siZiIsIjE1MTE0NSJdLFsicCIsImNvbnZlcnQiLCItcmVzaXplIDEwMjR4MTAyNFx1MDAzZSJdXQ.jpg?sha=aaa05a1d9d4e8f22,,,,,26.0,,,36.2,,,Symbolism
The Black Sun,Odilon Redon,4840,"(French, 1840–1916)",(French),(1840),(1916),(male),c. 1900,Oil with incising on board,"12 3/4 x 9 3/8"" (32.4 x 23.8 cm)",Gift of The Ian Woodner Family Collection,237.2000,Painting,Painting & Sculpture,2000-04-10,Y,79235,https://www.moma.org/collection/works/79235,https://www.moma.org/media/W1siZiIsIjE1MTE0NiJdLFsicCIsImNvbnZlcnQiLCItcmVzaXplIDEwMjR4MTAyNFx1MDAzZSJdXQ.jpg?sha=4211b2c97f33ec8b,,,,,32.3851,,,23.8125,,,Symbolism
The Three Fates,Odilon Redon,4840,"(French, 1840–1916)",(French),(1840),(1916),(male),1900,Oil on wood panel,"12 3/4 x 9 3/8"" (32.4 x 23.8 cm)",Gift of The Ian Woodner Family Collection,238.2000,Painting,Painting & Sculpture,2000-04-10,Y,79241,https://www.moma.org/collection/works/79241,https://www.moma.org/media/W1siZiIsIjE1MTE0OCJdLFsicCIsImNvbnZlcnQiLCItcmVzaXplIDEwMjR4MTAyNFx1MDAzZSJdXQ.jpg?sha=76921bfbab891716,,,,,32.4,,,23.8,,,Symbolism
Underwater Vision,Odilon Redon,4840,"(French, 1840–1916)",(French),(1840),(1916),(male),c. 1910,Oil on canvas,"36 3/4 x 29 1/4"" (93.3 x 74.3 cm)",Gift of The Ian Woodner Family Collection,239.2000,Painting,Painting & Sculpture,2000-04-10,Y,79245,https://www.moma.org/collection/works/79245,https://www.moma.org/media/W1siZiIsIjE1MTE0OSJdLFsicCIsImNvbnZlcnQiLCItcmVzaXplIDEwMjR4MTAyNFx1MDAzZSJdXQ.jpg?sha=4e1b6da78b84a9bf,,,,,93.3,,,74.3,,,Symbolism
The Window,Odilon Redon,4840,"(French, 1840–1916)",(French),(1840),(1916),(male),c. 1907,Oil on canvas,"31 7/8 x 24 1/8"" (81 x 61.3 cm)",Gift of The Ian Woodner Family Collection,240.2000,Painting,Painting & Sculpture,2000-04-10,Y,79249,https://www.moma.org/collection/works/79249,https://www.moma.org/media/W1siZiIsIjE1OTIwMSJdLFsicCIsImNvbnZlcnQiLCItcmVzaXplIDEwMjR4MTAyNFx1MDAzZSJdXQ.jpg?sha=baf4e6a5a1c12115,,,,,81.0,,,61.3,,,Symbolism
"Echo: Number 25, 1951",Jackson Pollock,4675,"(American, 1912–1956)",(American),(1912),(1956),(male),1951,Enamel paint on canvas,"7' 7 7/8"" x 7' 2"" (233.4 x 218.4 cm)",Acquired through the Lillie P. Bliss Bequest (by exchange) and the Mr. and Mrs. David Rockefeller Fund,241.1969,Painting,Painting & Sculpture,1969-03-11,Y,79251,https://www.moma.org/collection/works/79251,https://www.moma.org/media/W1siZiIsIjE2MjA0NiJdLFsicCIsImNvbnZlcnQiLCItcmVzaXplIDEwMjR4MTAyNFx1MDAzZSJdXQ.jpg?sha=a8b0f4e0f4853728,"""MoMA, Floor 4, 405""",,,,233.4,,,218.4,,,abstract expressionism
Composition in Brown and Gray,Piet Mondrian,4057,"(Dutch, 1872–1944)",(Dutch),(1872),(1944),(male),1913,Oil on canvas,"33 3/4 x 29 3/4"" (85.7 x 75.6 cm)",Purchase,242.1950,Painting,Painting & Sculpture,1950-10-11,Y,79253,https://www.moma.org/collection/works/79253,https://www.moma.org/media/W1siZiIsIjE1MTE1NSJdLFsicCIsImNvbnZlcnQiLCItcmVzaXplIDEwMjR4MTAyNFx1MDAzZSJdXQ.jpg?sha=4c257c0dceb23f0f,"""MoMA, Floor 5, 508""",,,,85.7,,,75.6,,,Symbolism
"Truncated View of the Broekzijder Mill on the Gein, Wings Facing West",Piet Mondrian,4057,"(Dutch, 1872–1944)",(Dutch),(1872),(1944),(male),c. 1902–03 or earlier,Oil on canvas mounted on cardboard,"11 7/8 x 15"" (30.2 x 38.1 cm)",Purchase,243.1950,Painting,Painting & Sculpture,1950-10-11,Y,79256,https://www.moma.org/collection/works/79256,https://www.moma.org/media/W1siZiIsIjE1NDU0NiJdLFsicCIsImNvbnZlcnQiLCItcmVzaXplIDEwMjR4MTAyNFx1MDAzZSJdXQ.jpg?sha=7ef53dc60717c2a1,,,,,30.2,,,38.1,,,Symbolism
Abstract Painting,Ad Reinhardt,4856,"(American, 1913–1967)",(American),(1913),(1967),(male),1957,Oil on canvas,"9' x 40"" (274.3 x 101.5 cm)",Purchase,246.1969,Painting,Painting & Sculpture,1969-04-08,Y,79265,https://www.moma.org/collection/works/79265,https://www.moma.org/media/W1siZiIsIjIwNDMxNCJdLFsicCIsImNvbnZlcnQiLCItcmVzaXplIDEwMjR4MTAyNFx1MDAzZSJdXQ.jpg?sha=c4a049fce2a84ac9,,,,,274.3,,,101.5,,,abstract expressionism
Composition C,Piet Mondrian,4057,"(Dutch, 1872–1944)",(Dutch),(1872),(1944),(male),1920,Oil on canvas,"23 3/4 x 24"" (60.3 x 61 cm)",Acquired through the Lillie P. Bliss Bequest (by exchange),257.1948,Painting,Painting & Sculpture,1948-10-06,Y,79300,https://www.moma.org/collection/works/79300,https://www.moma.org/media/W1siZiIsIjM5NTgzNSJdLFsicCIsImNvbnZlcnQiLCItcmVzaXplIDEwMjR4MTAyNFx1MDAzZSJdXQ.jpg?sha=3c95cf4516240e9e,"""MoMA, Floor 5, 513""",,,,60.3,,,61.0,,,Symbolism
Battle of Fishes,André Masson,3821,"(French, 1896–1987)",(French),(1896),(1987),(male),1926,"Sand, gesso, oil, pencil, and charcoal on canvas","14 1/4 x 28 3/4"" (36.2 x 73 cm)",Purchase,260.1937,Painting,Painting & Sculpture,1937-12-03,Y,79309,https://www.moma.org/collection/works/79309,https://www.moma.org/media/W1siZiIsIjE1MTE3MiJdLFsicCIsImNvbnZlcnQiLCItcmVzaXplIDEwMjR4MTAyNFx1MDAzZSJdXQ.jpg?sha=a1140b7bee100c2b,,,,,36.2,,,73.0,,,surrealism
The Birth of the World,Joan Miró,4016,"(Spanish, 1893–1983)",(Spanish),(1893),(1983),(male),"Montroig, late summer-fall 1925",Oil on canvas,"8' 2 3/4"" x 6' 6 3/4"" (250.8 x 200 cm)","Acquired through an anonymous fund, the Mr. and Mrs. Joseph Slifka and Armand G. Erpf Funds, and by gift of the artist",262.1972,Painting,Painting & Sculpture,1972-10-03,Y,79321,https://www.moma.org/collection/works/79321,https://www.moma.org/media/W1siZiIsIjQzODQ1MSJdLFsicCIsImNvbnZlcnQiLCItcmVzaXplIDEwMjR4MTAyNFx1MDAzZSJdXQ.jpg?sha=2e476e3e30177ccc,"""MoMA, Floor 5, 517""",,,,250.8,,,200.0,,,surrealism
Fruit Dish,Pablo Picasso,4609,"(Spanish, 1881–1973)",(Spanish),(1881),(1973),(male),"Paris, winter 1908-09",Oil on canvas,"29 1/4 x 24"" (74.3 x 61 cm)",Acquired through the Lillie P. Bliss Bequest (by exchange),263.1944,Painting,Painting & Sculpture,1944-11-08,Y,79322,https://www.moma.org/collection/works/79322,https://www.moma.org/media/W1siZiIsIjE1MTE3NSJdLFsicCIsImNvbnZlcnQiLCItcmVzaXplIDEwMjR4MTAyNFx1MDAzZSJdXQ.jpg?sha=060df3016169bcf1,,,,,74.3,,,61.0,,,surrealism
Attacked by Birds,André Masson,3821,"(French, 1896–1987)",(French),(1896),(1987),(male),1956,Oil and sand on canvas,"29 5/8 x 35 1/2"" (75 x 90.1 cm)",Gift of Mr. and Mrs. Allan D. Emil,270.1963,Painting,Painting & Sculpture,1963-05-07,Y,79340,https://www.moma.org/collection/works/79340,https://www.moma.org/media/W1siZiIsIjE3NjkwOSJdLFsicCIsImNvbnZlcnQiLCItcmVzaXplIDEwMjR4MTAyNFx1MDAzZSJdXQ.jpg?sha=b4268d31ae0cb876,,,,,75.0,,,90.1,,,surrealism
Person Throwing a Stone at a Bird,Joan Miró,4016,"(Spanish, 1893–1983)",(Spanish),(1893),(1983),(male),"Montroig, mid-August-December 1926",Oil on canvas,"29 x 36 1/4"" (73.7 x 92.1 cm)",Purchase,271.1937,Painting,Painting & Sculpture,1937-12-03,Y,79341,https://www.moma.org/collection/works/79341,https://www.moma.org/media/W1siZiIsIjQwMTY1NSJdLFsicCIsImNvbnZlcnQiLCItcmVzaXplIDEwMjR4MTAyNFx1MDAzZSJdXQ.jpg?sha=33c9070d01986b43,,,,,73.7,,,92.1,,,surrealism
Around the Fish,Paul Klee,3130,"(German, born Switzerland. 1879–1940)",(German),(1879),(1940),(male),1926,Oil and tempera on canvas mounted on cardboard,"18 3/8 x 25 1/8"" (46.7 x 63.8 cm)",Abby Aldrich Rockefeller Fund,271.1939,Painting,Painting & Sculpture,1939-04-13,Y,79342,https://www.moma.org/collection/works/79342,https://www.moma.org/media/W1siZiIsIjE1MTE4MSJdLFsicCIsImNvbnZlcnQiLCItcmVzaXplIDEwMjR4MTAyNFx1MDAzZSJdXQ.jpg?sha=fbccae312da56cf2,,,,,46.7,,,63.8,,,surrealism
The Blue Window,Henri Matisse,3832,"(French, 1869–1954)",(French),(1869),(1954),(male),"Issy-les-Moulineaux, summer 1913",Oil on canvas,"51 1/2 x 35 5/8"" (130.8 x 90.5 cm)",Abby Aldrich Rockefeller Fund,273.1939,Painting,Painting & Sculpture,1939-04-13,Y,79350,https://www.moma.org/collection/works/79350,https://www.moma.org/media/W1siZiIsIjE1MTE4NCJdLFsicCIsImNvbnZlcnQiLCItcmVzaXplIDEwMjR4MTAyNFx1MDAzZSJdXQ.jpg?sha=8bf8b16c6fe44650,"""MoMA, Floor 5, 506""",,,,130.8,,,90.5,,,impressionism
Bearded Faun,Pablo Picasso,4609,"(Spanish, 1881–1973)",(Spanish),(1881),(1973),(male),"February 15, 1956",Enamel on tile,"8 x 8"" (20.3 x 20.3 cm)",Philip Johnson Fund,274.1956,Painting,Painting & Sculpture,1956-10-09,Y,79357,https://www.moma.org/collection/works/79357,https://www.moma.org/media/W1siZiIsIjIwODY1NSJdLFsicCIsImNvbnZlcnQiLCItcmVzaXplIDEwMjR4MTAyNFx1MDAzZSJdXQ.jpg?sha=52c401a71419011c,,,,,20.3,,,20.3,,,surrealism
Head of a Faun,Pablo Picasso,4609,"(Spanish, 1881–1973)",(Spanish),(1881),(1973),(male),"January 24 - February 6, 1956",Enamel on tile,"8 x 8"" (20.3 x 20.3 cm)",Philip Johnson Fund,275.1956,Painting,Painting & Sculpture,1956-10-09,Y,79362,https://www.moma.org/collection/works/79362,https://www.moma.org/media/W1siZiIsIjIwODY2MSJdLFsicCIsImNvbnZlcnQiLCItcmVzaXplIDEwMjR4MTAyNFx1MDAzZSJdXQ.jpg?sha=d93d9c3adf0c169f,,,,,20.3,,,20.3,,,surrealism
Map,Jasper Johns,2923,"(American, born 1930)",(American),(1930),(0),(male),1961,Oil on canvas,"6' 6"" x 10' 3 1/8"" (198.2 x 314.7 cm)",Gift of Mr. and Mrs. Robert C. Scull,277.1963,Painting,Painting & Sculpture,1963-05-07,Y,79372,https://www.moma.org/collection/works/79372,https://www.moma.org/media/W1siZiIsIjQ3NTU1MyJdLFsicCIsImNvbnZlcnQiLCItcmVzaXplIDEwMjR4MTAyNFx1MDAzZSJdXQ.jpg?sha=e973c1eee861fbde,,,,,198.2,,,314.7,,,Neo-Dada
Landscape near Cassis,André Derain,1500,"(French, 1880–1954)",(French),(1880),(1954),(male),1907,Oil on canvas,"18 1/8 x 21 5/8"" (46 x 54.9 cm)",Mrs. Wendell T. Bush Fund,278.1949,Painting,Painting & Sculpture,1949-05-26,Y,79375,https://www.moma.org/collection/works/79375,https://www.moma.org/media/W1siZiIsIjE1MTE5MCJdLFsicCIsImNvbnZlcnQiLCItcmVzaXplIDEwMjR4MTAyNFx1MDAzZSJdXQ.jpg?sha=7f19c5d31d401269,,,,,46.0,,,54.9,,,Cubism
Head of a Sleeping Woman (Study for Nude with Drapery),Pablo Picasso,4609,"(Spanish, 1881–1973)",(Spanish),(1881),(1973),(male),"Paris, summer 1907",Oil on canvas,"24 1/4 x 18 3/4"" (61.4 x 47.6 cm)",Estate of John Hay Whitney,278.1983,Painting,Painting & Sculpture,1983-02-14,Y,79376,https://www.moma.org/collection/works/79376,https://www.moma.org/media/W1siZiIsIjE1MTE5MSJdLFsicCIsImNvbnZlcnQiLCItcmVzaXplIDEwMjR4MTAyNFx1MDAzZSJdXQ.jpg?sha=7a7b7a81d497b12a,"""MoMA, Floor 5, 502""",,,,61.4,,,47.6,,,surrealism
Still Life with Fruit and Glass,Pablo Picasso,4609,"(Spanish, 1881–1973)",(Spanish),(1881),(1973),(male),"Paris, fall 1908",Tempera on wood,"10 5/8 x 8 3/8"" (27 x 21.1 cm)",Estate of John Hay Whitney,279.1983,Painting,Painting & Sculpture,1983-02-14,Y,79380,https://www.moma.org/collection/works/79380,https://www.moma.org/media/W1siZiIsIjIwODY2OCJdLFsicCIsImNvbnZlcnQiLCItcmVzaXplIDEwMjR4MTAyNFx1MDAzZSJdXQ.jpg?sha=4d8389153deacfef,,,,,27.0,,,21.1,,,surrealism
Snack for Two,Jean Dubuffet,1633,"(French, 1901–1985)",(French),(1901),(1985),(male),1945,Oil on canvas,"29 1/8 x 24 1/8"" (74 x 61.2 cm)",Gift of Mrs. Saidie A. May,280.1949,Painting,Painting & Sculpture,1949-05-26,Y,79383,https://www.moma.org/collection/works/79383,https://www.moma.org/media/W1siZiIsIjIwODY2OSJdLFsicCIsImNvbnZlcnQiLCItcmVzaXplIDEwMjR4MTAyNFx1MDAzZSJdXQ.jpg?sha=fb8c1ee0bc66de25,,,,,74.0,,,61.2,,,outsider art
The Cow with the Subtile Nose,Jean Dubuffet,1633,"(French, 1901–1985)",(French),(1901),(1985),(male),September 1954,Oil and enamel on canvas,"35 x 45 3/4"" (88.9 x 116.1 cm)",Benjamin Scharps and David Scharps Fund,288.1956,Painting,Painting & Sculpture,1956-10-25,Y,79420,https://www.moma.org/collection/works/79420,https://www.moma.org/media/W1siZiIsIjE1MTE5NyJdLFsicCIsImNvbnZlcnQiLCItcmVzaXplIDEwMjR4MTAyNFx1MDAzZSJdXQ.jpg?sha=d567ea7ea6f32482,,,,,88.9,,,116.1,,,outsider art
Entablature,Roy Lichtenstein,3542,"(American, 1923–1997)",(American),(1923),(1997),(male),1976,Oil and magna on canvas,"54"" x 15' 10 1/4"" (137.1 x 484.1 cm)",Gift of an anonymous donor,291.1976,Painting,Painting & Sculpture,1976-10-12,Y,79431,https://www.moma.org/collection/works/79431,https://www.moma.org/media/W1siZiIsIjE1OTIwOCJdLFsicCIsImNvbnZlcnQiLCItcmVzaXplIDEwMjR4MTAyNFx1MDAzZSJdXQ.jpg?sha=7f4c2462d3982807,,,,,137.1,,,484.1,,,pop art
Landscape with Yellow Hat,Fernand Léger,6624,"(French, 1881–1955)",(French),(1881),(1955),(male),1952,Oil on canvas,"36 1/4 x 28 7/8"" (92.2 x 73.4 cm)",Gift of Mr. and Mrs. David M. Solinger,292.1958,Painting,Painting & Sculpture,1958-12-19,Y,79434,https://www.moma.org/collection/works/79434,https://www.moma.org/media/W1siZiIsIjIwODY5NCJdLFsicCIsImNvbnZlcnQiLCItcmVzaXplIDEwMjR4MTAyNFx1MDAzZSJdXQ.jpg?sha=abda35acfac5f1d7,,,,,92.2,,,73.4,,,Cubism
Cat and Bird,Paul Klee,3130,"(German, born Switzerland. 1879–1940)",(German),(1879),(1940),(male),1928,"Oil and ink on gessoed canvas, mounted on wood","15 x 21"" (38.1 x 53.2 cm)",Sidney and Harriet Janis Collection Fund and gift of Suzy Prudden and Joan H. Meijer in memory of F. H. Hirschland,300.1975,Painting,Painting & Sculpture,1975-10-07,Y,79456,https://www.moma.org/collection/works/79456,https://www.moma.org/media/W1siZiIsIjIxMTAxNCJdLFsicCIsImNvbnZlcnQiLCItcmVzaXplIDEwMjR4MTAyNFx1MDAzZSJdXQ.jpg?sha=5aa2232ef2f54d54,,,,,38.1,,,53.2,,,surrealism
"The Swimming Pool, Maquette for ceramic (realized 1999 and 2005)",Henri Matisse,3832,"(French, 1869–1954)",(French),(1869),(1954),(male),"Nice-Cimiez, Hôtel Régina, late summer 1952","Gouache on paper, cut and pasted, on painted paper","Overall  73"" x 53' 11"" (185.4 x 1643.3 cm). Installed as nine panels in two parts on burlap-covered walls 11' 4"" (345.4 cm) high. Frieze installed at a height of 5' 5"" (165 cm)",Mrs. Bernard F. Gimbel Fund,302.1975.a-i,Painting,Painting & Sculpture,1975-10-07,Y,79462,https://www.moma.org/collection/works/79462,https://www.moma.org/media/W1siZiIsIjI5MjQ1NiJdLFsicCIsImNvbnZlcnQiLCItcmVzaXplIDEwMjR4MTAyNFx1MDAzZSJdXQ.jpg?sha=00ca3848338da1de,,,,,230.2,,,847.1,,,impressionism
Charing Cross Bridge,André Derain,1500,"(French, 1880–1954)",(French),(1880),(1954),(male),London 1905-06,Oil on canvas,"32 1/8 x 39 5/8"" (81.7 x 100.7 cm)",Gift of Mr. and Mrs. David Rockefeller,302.1992,Painting,Painting & Sculpture,1992-06-08,Y,79463,https://www.moma.org/collection/works/79463,https://www.moma.org/media/W1siZiIsIjUyNzU0NSJdLFsicCIsImNvbnZlcnQiLCItcmVzaXplIDEwMjR4MTAyNFx1MDAzZSJdXQ.jpg?sha=3f8ba6483ee661d9,,,,,81.7,,,100.7,,,Cubism
"Soil Ornamented with Vegetation, Dead Leaves, Pebbles, Diverse Debris",Jean Dubuffet,1633,"(French, 1901–1985)",(French),(1901),(1985),(male),June 1956,Oil and collage on canvas,"35 1/8 x 30 3/8"" (89.3 x 77.1 cm)",Purchased from proceeds in the Mr. and Mrs. Ralph F. Colin Fund in honor of Ralph F. Colin with additional funds from a gift of Philip Johnson (by exchange),303.1992,Painting,Painting & Sculpture,1992-06-08,Y,79464,https://www.moma.org/collection/works/79464,https://www.moma.org/media/W1siZiIsIjIwODcyMyJdLFsicCIsImNvbnZlcnQiLCItcmVzaXplIDEwMjR4MTAyNFx1MDAzZSJdXQ.jpg?sha=a806a3cf54841edc,,,,,89.3,,,77.1,,,outsider art
The Three Musicians,Fernand Léger,6624,"(French, 1881–1955)",(French),(1881),(1955),(male),1944 (after a drawing of 1924-25; dated on painting 1924-44),Oil on canvas,"68 1/2 x 57 1/4"" (174 x 145.4 cm)",Mrs. Simon Guggenheim Fund,334.1955,Painting,Painting & Sculpture,1955-11-23,Y,79472,https://www.moma.org/collection/works/79472,https://www.moma.org/media/W1siZiIsIjE1NjEyMiJdLFsicCIsImNvbnZlcnQiLCItcmVzaXplIDEwMjR4MTAyNFx1MDAzZSJdXQ.jpg?sha=e5ce00cc0327887e,,,,,174.0,,,145.4,,,Cubism
White Light,Jackson Pollock,4675,"(American, 1912–1956)",(American),(1912),(1956),(male),1954,"Oil, enamel, and aluminum paint on canvas","48 1/4 x 38 1/4"" (122.4 x 96.9 cm)",The Sidney and Harriet Janis Collection,337.1967,Painting,Painting & Sculpture,1967-10-18,Y,79481,https://www.moma.org/collection/works/79481,https://www.moma.org/media/W1siZiIsIjI5ODczNCJdLFsicCIsImNvbnZlcnQiLCItcmVzaXplIDEwMjR4MTAyNFx1MDAzZSJdXQ.jpg?sha=4551268d34dc5e12,,,,,122.4,,,96.9,,,abstract expressionism
Rue de la Santé,Yves Tanguy,5804,"(American, born France. 1900–1955)",(American),(1900),(1955),(male),1925,Oil on canvas,"19 3/4 x 24 1/8"" (50.2 x 61.1 cm)",Kay Sage Tanguy Bequest,338.1963,Painting,Painting & Sculpture,1963-06-12,Y,79483,https://www.moma.org/collection/works/79483,https://www.moma.org/media/W1siZiIsIjQzMDU4NCJdLFsicCIsImNvbnZlcnQiLCItcmVzaXplIDEwMjR4MTAyNFx1MDAzZSJdXQ.jpg?sha=a413a0cc7757d699,,,,,50.2,,,61.1,,,surrealism
Periwinkles / Moroccan Garden,Henri Matisse,3832,"(French, 1869–1954)",(French),(1869),(1954),(male),"Tangier, winter-spring 1912","Oil, pencil, and charcoal on canvas","46 x 32 1/2"" (116.8 x 82.5 cm)",Gift of Florene M. Schoenborn,341.1985,Painting,Painting & Sculpture,1985-10-25,Y,79495,https://www.moma.org/collection/works/79495,https://www.moma.org/media/W1siZiIsIjQ2ODczMSJdLFsicCIsImNvbnZlcnQiLCItcmVzaXplIDEwMjR4MTAyNFx1MDAzZSJdXQ.jpg?sha=5e9aa89a4c3a2548,"""MoMA, Floor 5, 506""",,,,116.8,,,82.5,,,impressionism
Bather and Cabin,Pablo Picasso,4609,"(Spanish, 1881–1973)",(Spanish),(1881),(1973),(male),"Dinard, August 1928",Oil on canvas,"8 1/2 x 6 1/4"" (21.5 x 15.8 cm)",Hillman Periodicals Fund,342.1955,Painting,Painting & Sculpture,1955-11-23,Y,79496,https://www.moma.org/collection/works/79496,https://www.moma.org/media/W1siZiIsIjE1MTI4MCJdLFsicCIsImNvbnZlcnQiLCItcmVzaXplIDEwMjR4MTAyNFx1MDAzZSJdXQ.jpg?sha=5566d4544a217689,,,,,21.6,,,15.9,,,surrealism
The Little Spanish Prison,Robert Motherwell,4126,"(American, 1915–1991)",(American),(1915),(1991),(male),1941-44,Oil on canvas,"27 1/4 x 17 1/8"" (69.2 x 43.5 cm)",Gift of Renate Ponsold Motherwell,343.1985,Painting,Painting & Sculpture,1985-10-25,Y,79500,https://www.moma.org/collection/works/79500,https://www.moma.org/media/W1siZiIsIjE4MTc2MCJdLFsicCIsImNvbnZlcnQiLCItcmVzaXplIDEwMjR4MTAyNFx1MDAzZSJdXQ.jpg?sha=92432b9b5b3bb374,,,,,69.2,,,43.5,,,abstract expressionism
At Work,Pablo Picasso,4609,"(Spanish, 1881–1973)",(Spanish),(1881),(1973),(male),"August 15, 1971",Oil on canvas,"63 3/4 x 51 1/4"" (161.9 x 130.2 cm)",Gift of Jacqueline Picasso in honor of the Museum's continuous commitment to Pablo Picasso's art,344.1985,Painting,Painting & Sculpture,1985-10-25,Y,79503,https://www.moma.org/collection/works/79503,https://www.moma.org/media/W1siZiIsIjQ3NTM5OCJdLFsicCIsImNvbnZlcnQiLCItcmVzaXplIDEwMjR4MTAyNFx1MDAzZSJdXQ.jpg?sha=d3b788dcf58f6408,,,,,161.9,,,130.2,,,surrealism
Maya in a Sailor Suit,Pablo Picasso,4609,"(Spanish, 1881–1973)",(Spanish),(1881),(1973),(male),1938,Oil on canvas,"47 7/8 x 34"" (121.6 x 86.3 cm)",Gift of Jacqueline Picasso in honor of the Museum's continuous commitment to Pablo Picasso's art,346.1985,Painting,Painting & Sculpture,1985-10-25,Y,79507,https://www.moma.org/collection/works/79507,https://www.moma.org/media/W1siZiIsIjE1MTI4NSJdLFsicCIsImNvbnZlcnQiLCItcmVzaXplIDEwMjR4MTAyNFx1MDAzZSJdXQ.jpg?sha=0176aaca899ec04c,,,,,121.6,,,86.3,,,surrealism
Meadowland,Gerhard Richter,4907,"(German, born 1932)",(German),(1932),(0),(male),1985,Oil on canvas,"35 5/8 x 37 1/2"" (90.5 x 94.9 cm)","Blanchette Hooker Rockefeller, Betsy Babcock, and Mrs. Elizabeth Bliss Parkinson Funds",350.1985,Painting,Painting & Sculpture,1985-10-25,Y,79515,https://www.moma.org/collection/works/79515,https://www.moma.org/media/W1siZiIsIjE1MTI4NyJdLFsicCIsImNvbnZlcnQiLCItcmVzaXplIDEwMjR4MTAyNFx1MDAzZSJdXQ.jpg?sha=12f5099808e28c80,,,,,90.5,,,94.9,,,capitalist realism
Clouds,Gerhard Richter,4907,"(German, born 1932)",(German),(1932),(0),(male),1982,"Oil on canvas, two panels","6' 7"" x 8' 6 5/8"" (200.7 x 260.7 cm)",Acquired through the James Thrall Soby Bequest and purchase,351.1985,Painting,Painting & Sculpture,1985-10-25,Y,79517,https://www.moma.org/collection/works/79517,https://www.moma.org/media/W1siZiIsIjE1MTI4OCJdLFsicCIsImNvbnZlcnQiLCItcmVzaXplIDEwMjR4MTAyNFx1MDAzZSJdXQ.jpg?sha=bd85c03900555b70,,,,,200.7,,,260.7,,,capitalist realism
Composition,Henri Matisse,3832,"(French, 1869–1954)",(French),(1869),(1954),(male),"Issy-les-Moulineaux, 1915",Oil on canvas,"57 1/2 x 38 1/8"" (146 x 97 cm)","Gift of Jo Carole and Ronald S. Lauder; Nelson A. Rockefeller Bequest, gift of Mr. and Mrs. William H. Weintraub, and Mary Sisler Bequest (all by exchange)",355.1997,Painting,Painting & Sculpture,1997-10-06,Y,79523,https://www.moma.org/collection/works/79523,https://www.moma.org/media/W1siZiIsIjE3NTEwNyJdLFsicCIsImNvbnZlcnQiLCItcmVzaXplIDEwMjR4MTAyNFx1MDAzZSJdXQ.jpg?sha=f61fdfdefd5191cf,"""MoMA, Floor 5, 506""",,,,146.1,,,96.8,,,impressionism
Kastura,Frank Stella,5640,"(American, 1936–2024)",(American),(1936),(2024),(male),1979,"Oil and epoxy on aluminum, and wire mesh","9' 7"" x 7' 8"" x 30"" (292.1 x 233.7 x 76.2 cm)","Acquired through the Mr. and Mrs. Victor Ganz, Mr. and Mrs. Donald H. Peters, and Mr. and Mrs. Charles Zadok Funds",361.1980,Painting,Painting & Sculpture,1980-03-11,Y,79536,https://www.moma.org/collection/works/79536,https://www.moma.org/media/W1siZiIsIjE2NTgxMyJdLFsicCIsImNvbnZlcnQiLCItcmVzaXplIDEwMjR4MTAyNFx1MDAzZSJdXQ.jpg?sha=2cd6f9ddce0f43aa,,,76.2,,292.1,,,233.7,,,minimalism
"Artist's Studio ""The Dance""",Roy Lichtenstein,3542,"(American, 1923–1997)",(American),(1923),(1997),(male),1974,Oil and magna on canvas,"8' 1/8"" x 10' 8 1/8"" (244.3 x 325.5 cm)","Gift of Mr. and Mrs. S. I. Newhouse, Jr.",362.1990,Painting,Painting & Sculpture,1990-10-09,Y,79538,https://www.moma.org/collection/works/79538,https://www.moma.org/media/W1siZiIsIjI0ODY5NSJdLFsicCIsImNvbnZlcnQiLCItcmVzaXplIDEwMjR4MTAyNFx1MDAzZSJdXQ.jpg?sha=80048b7b5c62eee3,,,,,244.2,,,325.4,,,pop art
Box and Shadow,Philip Guston,2419,"(American, born Canada. 1913–1980)",(American),(1913),(1980),(male),1978,Oil on canvas,"69 1/8"" x 8' 2 5/8"" (175.6 x 250.5 cm)",Gift of Musa Guston,362.1991,Painting,Painting & Sculpture,1991-12-09,Y,79539,https://www.moma.org/collection/works/79539,https://www.moma.org/media/W1siZiIsIjUyNzExNSJdLFsicCIsImNvbnZlcnQiLCItcmVzaXplIDEwMjR4MTAyNFx1MDAzZSJdXQ.jpg?sha=5d286c08e93e4e35,,,,,175.6,,,250.5,,,abstract expressionism
City Limits,Philip Guston,2419,"(American, born Canada. 1913–1980)",(American),(1913),(1980),(male),1969,Oil on canvas,"6' 5"" x 8' 7 1/4"" (195.6 x 262.2 cm)
",Gift of Musa Guston,363.1991,Painting,Painting & Sculpture,1991-12-09,Y,79541,https://www.moma.org/collection/works/79541,https://www.moma.org/media/W1siZiIsIjQzOTY5OCJdLFsicCIsImNvbnZlcnQiLCItcmVzaXplIDEwMjR4MTAyNFx1MDAzZSJdXQ.jpg?sha=f65e71384eb24978,,,,,195.6,,,262.2,,,abstract expressionism
Landscape at Collioure,Henri Matisse,3832,"(French, 1869–1954)",(French),(1869),(1954),(male),"Collioure, summer 1905",Oil on canvas,"15 1/4 x 18 3/8"" (38.8 x 46.6 cm)",Gift and bequest of Louise Reinhardt Smith,364.1990,Painting,Painting & Sculpture,1990-10-09,Y,79542,https://www.moma.org/collection/works/79542,https://www.moma.org/media/W1siZiIsIjQ3NjkwOCJdLFsicCIsImNvbnZlcnQiLCItcmVzaXplIDEwMjR4MTAyNFx1MDAzZSJdXQ.jpg?sha=5257ab8b144cdd01,"""MoMA, Floor 5, 506""",,,,38.7,,,46.7,,,impressionism
East Coker-Tse,Philip Guston,2419,"(American, born Canada. 1913–1980)",(American),(1913),(1980),(male),1979,Oil on canvas,"42 x 48"" (106.7 x 122 cm)
",Gift of Musa Guston,364.1991,Painting,Painting & Sculpture,1991-12-09,Y,79543,https://www.moma.org/collection/works/79543,https://www.moma.org/media/W1siZiIsIjE2MDUzNiJdLFsicCIsImNvbnZlcnQiLCItcmVzaXplIDEwMjR4MTAyNFx1MDAzZSJdXQ.jpg?sha=9fd45b1fa3a3795c,,,,,106.7,,,122.0,,,abstract expressionism
North,Philip Guston,2419,"(American, born Canada. 1913–1980)",(American),(1913),(1980),(male),1961-62,Oil on canvas,"69"" x 6' 5"" (175.3 x 195.6 cm)
",Gift of Musa Guston,365.1991,Painting,Painting & Sculpture,1991-12-09,Y,79545,https://www.moma.org/collection/works/79545,https://www.moma.org/media/W1siZiIsIjE1MTI5NSJdLFsicCIsImNvbnZlcnQiLCItcmVzaXplIDEwMjR4MTAyNFx1MDAzZSJdXQ.jpg?sha=da8b648df124b67f,,,,,175.3,,,195.6,,,abstract expressionism
I Got Up...,On Kawara,3030,"(Japanese, 1933–2014)",(Japanese),(1933),(0),(male),1977,Ink and stamps on postcards,"Each postcard 4 x 5 7/8"" (10.2 x 15 cm)",Gift of Angela Westwater,366.1991.1-27,Painting,Painting & Sculpture,1991-12-09,Y,79546,https://www.moma.org/collection/works/79546,https://www.moma.org/media/W1siZiIsIjEzNjMxNSJdLFsicCIsImNvbnZlcnQiLCItcmVzaXplIDEwMjR4MTAyNFx1MDAzZSJdXQ.jpg?sha=c50e14669c6f3c57,,,,,10.2,,,14.9,,,
Study for Les Demoiselles D'Avignon,Pablo Picasso,4609,"(Spanish, 1881–1973)",(Spanish),(1881),(1973),(male),"Paris, early 1907",Oil on canvas,"7 1/2 x 8"" (18.5 x 20.3 cm) (irregular)",Acquired through the Lillie P. Bliss Bequest (by exchange),372.1991,Painting,Painting & Sculpture,1991-12-09,Y,79551,https://www.moma.org/collection/works/79551,https://www.moma.org/media/W1siZiIsIjE1MTI5NyJdLFsicCIsImNvbnZlcnQiLCItcmVzaXplIDEwMjR4MTAyNFx1MDAzZSJdXQ.jpg?sha=9ba5548eeb130a48,"""MoMA, Floor 5, 502""",,,,19.0,,,20.3,,,surrealism
Landscape at La Ciotat,Georges Braque,744,"(French, 1882–1963)",(French),(1882),(1963),(male),"La Ciotat, summer 1907",Oil on canvas,"28 1/4 x 23 3/8"" (71.7 x 59.4 cm)",Acquired through the Katherine S. Dreier and Adele R. Levy Bequests,373.1975,Painting,Painting & Sculpture,1975-12-09,Y,79554,https://www.moma.org/collection/works/79554,https://www.moma.org/media/W1siZiIsIjE1MTI5OSJdLFsicCIsImNvbnZlcnQiLCItcmVzaXplIDEwMjR4MTAyNFx1MDAzZSJdXQ.jpg?sha=5f1f8d01b8af9950,,,,,71.7,,,59.4,,,Cubism
Chasuble,Henri Matisse,3832,"(French, 1869–1954)",(French),(1869),(1954),(male),1950-52 (manufactured 1955),"Silk with appliqué of silk satin, shantung, and velvet, lined","46 x 76"" (116.8 x 193 cm) front, 51 x 76"" (129.5 x 193 cm) back",Gift of Mrs. Charles Suydam Cutting,374.1955,Painting,Painting & Sculpture,1955-11-23,Y,79556,https://www.moma.org/collection/works/79556,https://www.moma.org/media/W1siZiIsIjIwODg0NiJdLFsicCIsImNvbnZlcnQiLCItcmVzaXplIDEwMjR4MTAyNFx1MDAzZSJdXQ.jpg?sha=beceb82b368362f2,,,,,,,,193.0,,,impressionism
Chasuble,Henri Matisse,3832,"(French, 1869–1954)",(French),(1869),(1954),(male),c. 1950,"Crepe with crepe appliqué, lined and embroidered","76 x 47 3/4 x 48"" (193 x 121.3 x 121.9 cm)",Gift of Philip Johnson,375.1955,Painting,Painting & Sculpture,1955-11-23,Y,79559,https://www.moma.org/collection/works/79559,,,,,,,,,193.0,,,impressionism
Andromeda,André Masson,3821,"(French, 1896–1987)",(French),(1896),(1987),(male),1943,Tempera and sand on canvasboard,"12 5/8 x 10"" (31.9 x 25.4 cm)",Gift of Ruth Gilliland Hardman and William Kistler III,376.1975,Painting,Painting & Sculpture,1975-12-09,Y,79561,https://www.moma.org/collection/works/79561,https://www.moma.org/media/W1siZiIsIjE2MjEyNiJdLFsicCIsImNvbnZlcnQiLCItcmVzaXplIDEwMjR4MTAyNFx1MDAzZSJdXQ.jpg?sha=f40e75f439b62672,,,,,31.9,,,25.4,,,surrealism
Male Model,Henri Matisse,3832,"(French, 1869–1954)",(French),(1869),(1954),(male),"Paris, c. 1900",Oil on canvas,"39 1/8 x 28 5/8"" (99.3 x 72.7 cm)",Kay Sage Tanguy and Abby Aldrich Rockefeller Funds,377.1975,Painting,Painting & Sculpture,1975-12-09,Y,79562,https://www.moma.org/collection/works/79562,https://www.moma.org/media/W1siZiIsIjE5MzI2NCJdLFsicCIsImNvbnZlcnQiLCItcmVzaXplIDEwMjR4MTAyNFx1MDAzZSJdXQ.jpg?sha=c2c1cdc3dbbe3f72,,,,,99.3,,,72.7,,,impressionism
"Frank Stella, ""Sabra I,"" 1967",Richard Pettibone,4587,"(American, 1938–2024)",(American),(1938),(2024),(male),1968,Synthetic polymer paint on canvas,"6 3/16 x 6 3/16 x 1/2"" (15.7 x 15.7 x 1.3 cm)",Gift of Laura-Lee and Robert Woods,384.1992.1,Painting,Painting & Sculpture,1992-06-08,Y,79574,https://www.moma.org/collection/works/79574,https://www.moma.org/media/W1siZiIsIjExODQxOSJdLFsicCIsImNvbnZlcnQiLCItcmVzaXplIDEwMjR4MTAyNFx1MDAzZSJdXQ.jpg?sha=06ccde9221fc046d,,,,,12.7,,,25.3,,,appropriation
"Frank Stella, ""Darabjerd II,"" 1967",Richard Pettibone,4587,"(American, 1938–2024)",(American),(1938),(2024),(male),1968,Synthetic polymer paint on canvas,"6 3/16 x 9 1/2 x 1/2"" (15.7 x 24.1 x 1.3 cm)",Gift of Laura-Lee and Robert Woods,384.1992.10,Painting,Painting & Sculpture,1992-06-08,Y,79576,https://www.moma.org/collection/works/79576,https://www.moma.org/media/W1siZiIsIjExODQyMCJdLFsicCIsImNvbnZlcnQiLCItcmVzaXplIDEwMjR4MTAyNFx1MDAzZSJdXQ.jpg?sha=dc65b3ad48f28b58,,,,,12.7,,,25.3,,,appropriation
"Frank Stella, ""Sabra II,"" 1967",Richard Pettibone,4587,"(American, 1938–2024)",(American),(1938),(2024),(male),1968,Synthetic polymer paint on canvas,"6 3/16 x 6 3/16 x 1/2"" (15.7 x 15.7 x 1.3 cm)",Gift of Laura-Lee and Robert Woods,384.1992.2,Painting,Painting & Sculpture,1992-06-08,Y,79577,https://www.moma.org/collection/works/79577,https://www.moma.org/media/W1siZiIsIjExODQyMSJdLFsicCIsImNvbnZlcnQiLCItcmVzaXplIDEwMjR4MTAyNFx1MDAzZSJdXQ.jpg?sha=a1ad2f6fa2293fbc,,,,,12.7,,,25.3,,,appropriation
"Frank Stella, ""Sabra III,"" 1967",Richard Pettibone,4587,"(American, 1938–2024)",(American),(1938),(2024),(male),1968,Synthetic polymer paint on canvas,"6 3/16 x 6 3/16 x 1/2"" (15.7 x 15.7 x 1.3 cm)",Gift of Laura-Lee and Robert Woods,384.1992.3,Painting,Painting & Sculpture,1992-06-08,Y,79578,https://www.moma.org/collection/works/79578,https://www.moma.org/media/W1siZiIsIjExODQyMiJdLFsicCIsImNvbnZlcnQiLCItcmVzaXplIDEwMjR4MTAyNFx1MDAzZSJdXQ.jpg?sha=68b2ff919e33ad03,,,,,12.7,,,25.3,,,appropriation
"Frank Stella, ""Takht-i-Sulayman I,"" 1967",Richard Pettibone,4587,"(American, 1938–2024)",(American),(1938),(2024),(male),1968,Synthetic polymer paint on canvas,"6 3/16 x 12 1/8 x 1/2"" (15.7 x 30.8 x 1.3 cm)",Gift of Laura-Lee and Robert Woods,384.1992.4,Painting,Painting & Sculpture,1992-06-08,Y,79579,https://www.moma.org/collection/works/79579,https://www.moma.org/media/W1siZiIsIjExODQyMyJdLFsicCIsImNvbnZlcnQiLCItcmVzaXplIDEwMjR4MTAyNFx1MDAzZSJdXQ.jpg?sha=4b62d1969fb45f67,,,,,12.7,,,25.3,,,appropriation
"Frank Stella, ""Hiraqla II,"" 1967",Richard Pettibone,4587,"(American, 1938–2024)",(American),(1938),(2024),(male),1968,Synthetic polymer paint on canvas,"6 3/16 x 12 1/4 x 1/2"" (15.7 x 31.1 x 1.3 cm)",Gift of Laura-Lee and Robert Woods,384.1992.5,Painting,Painting & Sculpture,1992-06-08,Y,79580,https://www.moma.org/collection/works/79580,https://www.moma.org/media/W1siZiIsIjExODQyNCJdLFsicCIsImNvbnZlcnQiLCItcmVzaXplIDEwMjR4MTAyNFx1MDAzZSJdXQ.jpg?sha=52cbdec785d7a57b,,,,,12.7,,,25.3,,,appropriation
"Frank Stella, ""Gur II,"" 1967",Richard Pettibone,4587,"(American, 1938–2024)",(American),(1938),(2024),(male),1968,Synthetic polymer paint on canvas,"6 3/16 x 9 3/16 x 1/2"" (15.7 x 23.3 x 1.3 cm)",Gift of Laura-Lee and Robert Woods,384.1992.6,Painting,Painting & Sculpture,1992-06-08,Y,79581,https://www.moma.org/collection/works/79581,https://www.moma.org/media/W1siZiIsIjExODQyNSJdLFsicCIsImNvbnZlcnQiLCItcmVzaXplIDEwMjR4MTAyNFx1MDAzZSJdXQ.jpg?sha=b6ed17881290ab99,,,,,12.7,,,25.3,,,appropriation
"Frank Stella, ""Sinjerli II,"" 1967",Richard Pettibone,4587,"(American, 1938–2024)",(American),(1938),(2024),(male),1971,Synthetic polymer paint on canvas,"6 3/16"" (15.7 cm) diameter x 1/2"" (1.3 cm)",Gift of Laura-Lee and Robert Woods,384.1992.7,Painting,Painting & Sculpture,1992-06-08,Y,79582,https://www.moma.org/collection/works/79582,https://www.moma.org/media/W1siZiIsIjExODQyNiJdLFsicCIsImNvbnZlcnQiLCItcmVzaXplIDEwMjR4MTAyNFx1MDAzZSJdXQ.jpg?sha=61ff72dd0b849bbd,,,,,12.7,,,25.3,,,appropriation
"Frank Stella, ""Sinjerli III,"" 1968",Richard Pettibone,4587,"(American, 1938–2024)",(American),(1938),(2024),(male),1969,Synthetic polymer paint on canvas,"6 1/8"" (15.6 cm) diameter x 1/2"" (1.3 cm)",Gift of Laura-Lee and Robert Woods,384.1992.8,Painting,Painting & Sculpture,1992-06-08,Y,79583,https://www.moma.org/collection/works/79583,https://www.moma.org/media/W1siZiIsIjExODQyNyJdLFsicCIsImNvbnZlcnQiLCItcmVzaXplIDEwMjR4MTAyNFx1MDAzZSJdXQ.jpg?sha=a9624556a6941cd6,,,,,12.7,,,25.3,,,appropriation
"Frank Stella, ""Darabjerd I,"" 1967",Richard Pettibone,4587,"(American, 1938–2024)",(American),(1938),(2024),(male),1968,Synthetic polymer paint on canvas,"6 3/16 x 9 1/2 x 1/2"" (15.7 x 24.1 x 1.3 cm)",Gift of Laura-Lee and Robert Woods,384.1992.9,Painting,Painting & Sculpture,1992-06-08,Y,79584,https://www.moma.org/collection/works/79584,https://www.moma.org/media/W1siZiIsIjExODQyOCJdLFsicCIsImNvbnZlcnQiLCItcmVzaXplIDEwMjR4MTAyNFx1MDAzZSJdXQ.jpg?sha=69780bbde4501e65,,,,,12.7,,,25.3,,,appropriation
The Moroccans,Henri Matisse,3832,"(French, 1869–1954)",(French),(1869),(1954),(male),"Issy-les-Moulineaux, late 1915 and fall 1916",Oil on canvas,"71 3/8"" x 9' 2"" (181.3 x 279.4 cm)",Gift of Mr. and Mrs. Samuel A. Marx,386.1955,Painting,Painting & Sculpture,1955-06-19,Y,79588,https://www.moma.org/collection/works/79588,https://www.moma.org/media/W1siZiIsIjE2NzU0OSJdLFsicCIsImNvbnZlcnQiLCItcmVzaXplIDEwMjR4MTAyNFx1MDAzZSJdXQ.jpg?sha=cfe50d53adeb0306,"""MoMA, Floor 5, 506""",,,,181.3,,,279.4,,,impressionism
No. 37/No. 19 (Slate Blue and Brown on Plum),Mark Rothko,5047,"(American, born Russia (now Latvia). 1903–1970)",(American),(1903),(1970),(male),1958,Oil on canvas,"7' 11 1/4"" x 7' 6 1/4"" (241.9 x 229 cm)",Given anonymously,389.1961,Painting,Painting & Sculpture,1961-12-13,Y,79596,https://www.moma.org/collection/works/79596,https://www.moma.org/media/W1siZiIsIjE1MTMwNSJdLFsicCIsImNvbnZlcnQiLCItcmVzaXplIDEwMjR4MTAyNFx1MDAzZSJdXQ.jpg?sha=e2cc5139716e4927,,,,,241.9,,,229.0,,,abstract expressionism
Untitled,Mark Rothko,5047,"(American, born Russia (now Latvia). 1903–1970)",(American),(1903),(1970),(male),1969-70,Acrylic on canvas,"6' 6"" x 66 1/4"" (198.1 x 168.2 cm)","Gift of The Mark Rothko Foundation, Inc.",394.1986,Painting,Painting & Sculpture,1986-12-08,Y,79611,https://www.moma.org/collection/works/79611,https://www.moma.org/media/W1siZiIsIjIxMjU0NiJdLFsicCIsImNvbnZlcnQiLCItcmVzaXplIDEwMjR4MTAyNFx1MDAzZSJdXQ.jpg?sha=e24a141dfdc32204,"""MoMA, Floor 4, 403""",,,,198.1,,,168.2,,,abstract expressionism
Introducing the Miracle,Paul Klee,3130,"(German, born Switzerland. 1879–1940)",(German),(1879),(1940),(male),1916,"Gouache, pen, and ink on plastered fabric, mounted on board","11 1/2 x 9 3/8"" (29.2 x 23.6 cm)","Gift of Allan Roos, M. D., and B. Mathieu Roos",395.1962,Painting,Painting & Sculpture,1962-12-31,Y,79614,https://www.moma.org/collection/works/79614,https://www.moma.org/media/W1siZiIsIjI0ODY5NiJdLFsicCIsImNvbnZlcnQiLCItcmVzaXplIDEwMjR4MTAyNFx1MDAzZSJdXQ.jpg?sha=31634e5e11e2033d,,,,,29.2,,,23.8,,,surrealism
Painting,Jackson Pollock,4675,"(American, 1912–1956)",(American),(1912),(1956),(male),c.1944,Gouache on plywood,"23 x 18 7/8"" (58.4 x 47.8 cm)",Gift of Monroe Wheeler,415.1958,Painting,Painting & Sculpture,1959-03-02,Y,79644,https://www.moma.org/collection/works/79644,https://www.moma.org/media/W1siZiIsIjE1NzQ2NyJdLFsicCIsImNvbnZlcnQiLCItcmVzaXplIDEwMjR4MTAyNFx1MDAzZSJdXQ.jpg?sha=74c04146d8bfc8cd,,,,,58.4,,,47.8,,,abstract expressionism
Woman with a Guitar,Pablo Picasso,4609,"(Spanish, 1881–1973)",(Spanish),(1881),(1973),(male),"Paris, March 1914","Oil, sand, and charcoal on canvas","45 1/2 x 18 5/8"" (115.5 x 47.5 cm)",Gift of Mr. and Mrs. David Rockefeller,415.1975,Painting,Painting & Sculpture,1975-12-29,Y,79646,https://www.moma.org/collection/works/79646,https://www.moma.org/media/W1siZiIsIjE1MTMyMSJdLFsicCIsImNvbnZlcnQiLCItcmVzaXplIDEwMjR4MTAyNFx1MDAzZSJdXQ.jpg?sha=604e759db48437b3,,,,,115.5,,,47.5,,,surrealism
Red Painting,Philip Guston,2419,"(American, born Canada. 1913–1980)",(American),(1913),(1980),(male),1950,Oil on canvas,"34 1/8 x 62 1/4"" (86.4 x 158.1 cm)",Bequest of the artist,419.1981,Painting,Painting & Sculpture,1981-11-17,Y,79657,https://www.moma.org/collection/works/79657,https://www.moma.org/media/W1siZiIsIjQ5NDEwMSJdLFsicCIsImNvbnZlcnQiLCItcmVzaXplIDEwMjR4MTAyNFx1MDAzZSJdXQ.jpg?sha=325dbaeffbb662d7,,,,,86.4,,,158.1,,,abstract expressionism
Nuit de Noël,Henri Matisse,3832,"(French, 1869–1954)",(French),(1869),(1954),(male),"Paris, summer-fall 1952",Stained glass,"11' 3/4"" x 54 3/4"" x 5/8"" (332.5 x 139 x 1 cm)","Gift of Time, Inc.",420.1953.a-d,Painting,Painting & Sculpture,1953-06-22,Y,79658,https://www.moma.org/collection/works/79658,https://www.moma.org/media/W1siZiIsIjU5NjE3MyJdLFsicCIsImNvbnZlcnQiLCItcmVzaXplIDEwMjR4MTAyNFx1MDAzZSJdXQ.jpg?sha=38f38b40417f34d5,,,1.6,,337.2,,,139.1,,,impressionism
Girl with Ball,Roy Lichtenstein,3542,"(American, 1923–1997)",(American),(1923),(1997),(male),1961,Oil on canvas,"60 1/4 x 36 1/4"" (153 x 91.9 cm)",Gift of Philip Johnson,421.1981,Painting,Painting & Sculpture,1981-11-17,Y,79665,https://www.moma.org/collection/works/79665,https://www.moma.org/media/W1siZiIsIjM5MjY1MiJdLFsicCIsImNvbnZlcnQiLCItcmVzaXplIDEwMjR4MTAyNFx1MDAzZSJdXQ.jpg?sha=64f446da64315ebf,,,,,153.0,,,91.9,,,pop art
The Kitchen,Pablo Picasso,4609,"(Spanish, 1881–1973)",(Spanish),(1881),(1973),(male),"Paris, November 1948",Oil on canvas,"69"" x 8' 2 1/2"" (175.3 x 250 cm)",Acquired through the Nelson A. Rockefeller Bequest,422.1980,Painting,Painting & Sculpture,1980-04-09,Y,79668,https://www.moma.org/collection/works/79668,https://www.moma.org/media/W1siZiIsIjUyMDkyMCJdLFsicCIsImNvbnZlcnQiLCItcmVzaXplIDEwMjR4MTAyNFx1MDAzZSJdXQ.jpg?sha=001db0918f1f3304,,,,,175.3,,,250.0,,,surrealism
Bird,Jackson Pollock,4675,"(American, 1912–1956)",(American),(1912),(1956),(male),c. 1938-41,Oil and sand on canvas,"27 3/4 x 24 1/4"" (70.5 x 61.6 cm)",Gift of Lee Krasner in memory of Jackson Pollock,423.1980,Painting,Painting & Sculpture,1980-04-09,Y,79672,https://www.moma.org/collection/works/79672,https://www.moma.org/media/W1siZiIsIjE1MTMyNiJdLFsicCIsImNvbnZlcnQiLCItcmVzaXplIDEwMjR4MTAyNFx1MDAzZSJdXQ.jpg?sha=774f6c3be56f3ae1,,,,,70.5,,,61.6,,,abstract expressionism
Circle,Jackson Pollock,4675,"(American, 1912–1956)",(American),(1912),(1956),(male),c. 1938-41,Oil on board,"12 3/4 x 12"" (32.2 x 30.5 cm)",Gift of Lee Krasner in memory of Jackson Pollock,424.1980,Painting,Painting & Sculpture,1980-04-09,Y,79675,https://www.moma.org/collection/works/79675,https://www.moma.org/media/W1siZiIsIjIzOTQ3OCJdLFsicCIsImNvbnZlcnQiLCItcmVzaXplIDEwMjR4MTAyNFx1MDAzZSJdXQ.jpg?sha=a394aecafe65c1d9,,,,,32.2,,,30.5,,,abstract expressionism
Easter and the Totem,Jackson Pollock,4675,"(American, 1912–1956)",(American),(1912),(1956),(male),1953,Oil on canvas,"6' 10 1/8"" x 58"" (208.6 x 147.3 cm)",Gift of Lee Krasner in memory of Jackson Pollock,425.1980,Painting,Painting & Sculpture,1980-04-09,Y,79678,https://www.moma.org/collection/works/79678,https://www.moma.org/media/W1siZiIsIjE1MTMyOCJdLFsicCIsImNvbnZlcnQiLCItcmVzaXplIDEwMjR4MTAyNFx1MDAzZSJdXQ.jpg?sha=ad04273bb4f77daf,,,,,208.6,,,147.3,,,abstract expressionism
The Flame,Jackson Pollock,4675,"(American, 1912–1956)",(American),(1912),(1956),(male),c. 1934-38,Oil on canvas mounted on fiberboard,"20 1/2 x 30"" (51.1 x 76.2 cm)",Enid A. Haupt Fund,426.1980,Painting,Painting & Sculpture,1980-04-09,Y,79680,https://www.moma.org/collection/works/79680,https://www.moma.org/media/W1siZiIsIjUyMDkyMiJdLFsicCIsImNvbnZlcnQiLCItcmVzaXplIDEwMjR4MTAyNFx1MDAzZSJdXQ.jpg?sha=d236d85abef13c8a,,,,,51.1,,,76.2,,,abstract expressionism
Mask,Jackson Pollock,4675,"(American, 1912–1956)",(American),(1912),(1956),(male),1941,Oil on canvas,"16 3/4 x 19"" (42.5 x 48.3 cm)",Enid A. Haupt Fund,427.1980,Painting,Painting & Sculpture,1980-04-09,Y,79683,https://www.moma.org/collection/works/79683,https://www.moma.org/media/W1siZiIsIjIwMjIxNyJdLFsicCIsImNvbnZlcnQiLCItcmVzaXplIDEwMjR4MTAyNFx1MDAzZSJdXQ.jpg?sha=aee748fe4a0f33ca,,,,,42.5,,,48.3,,,abstract expressionism
Abstract Painting (Blue),Ad Reinhardt,4856,"(American, 1913–1967)",(American),(1913),(1967),(male),1952,Oil on canvas,"9' 1/4"" x 40 1/8"" (275 x 102 cm)",Given anonymously (by exchange) and purchase,427.1981,Painting,Painting & Sculpture,1981-11-17,Y,79684,https://www.moma.org/collection/works/79684,https://www.moma.org/media/W1siZiIsIjIwMzk0NSJdLFsicCIsImNvbnZlcnQiLCItcmVzaXplIDEwMjR4MTAyNFx1MDAzZSJdXQ.jpg?sha=4009015456a9dde1,,,,,275.0,,,102.0,,,abstract expressionism
Stenographic Figure,Jackson Pollock,4675,"(American, 1912–1956)",(American),(1912),(1956),(male),c. 1942,Oil on linen,"40 x 56"" (101.6 x 142.2 cm)",Mr. and Mrs. Walter Bareiss Fund,428.1980,Painting,Painting & Sculpture,1980-04-09,Y,79686,https://www.moma.org/collection/works/79686,https://www.moma.org/media/W1siZiIsIjE1NjM1MCJdLFsicCIsImNvbnZlcnQiLCItcmVzaXplIDEwMjR4MTAyNFx1MDAzZSJdXQ.jpg?sha=7149fdb20e441838,,,,,101.6,,,142.2,,,abstract expressionism
No. 3/No. 13,Mark Rothko,5047,"(American, born Russia (now Latvia). 1903–1970)",(American),(1903),(1970),(male),1949,Oil on canvas,"7' 1 3/8"" x 65"" (216.5 x 164.8 cm)","Bequest of Mrs. Mark Rothko through The Mark Rothko Foundation, Inc.",428.1981,Painting,Painting & Sculpture,1981-11-17,Y,79687,https://www.moma.org/collection/works/79687,https://www.moma.org/media/W1siZiIsIjQ1NTQ2NyJdLFsicCIsImNvbnZlcnQiLCItcmVzaXplIDEwMjR4MTAyNFx1MDAzZSJdXQ.jpg?sha=6a0ed491abeaaf6c,"""MoMA, Floor 4, 403""",,,,216.5,,,164.8,,,abstract expressionism
There Were Seven in Eight,Jackson Pollock,4675,"(American, 1912–1956)",(American),(1912),(1956),(male),c. 1945,"Oil, enamel and casein on canvas","43"" x 8' 6"" (109.2 x 259.1 cm)",Mr. and Mrs. Walter Bareiss Fund and purchase,429.1980,Painting,Painting & Sculpture,1980-04-09,Y,79690,https://www.moma.org/collection/works/79690,https://www.moma.org/media/W1siZiIsIjQ4NDgxNiJdLFsicCIsImNvbnZlcnQiLCItcmVzaXplIDEwMjR4MTAyNFx1MDAzZSJdXQ.jpg?sha=406f8873ac92e417,,,,,109.2,,,259.1,,,abstract expressionism
Slow Swirl at the Edge of the Sea,Mark Rothko,5047,"(American, born Russia (now Latvia). 1903–1970)",(American),(1903),(1970),(male),1944,Oil on canvas,"6' 3 3/8"" x 7' 3/4"" (191.4 x 215.2 cm)","Bequest of Mrs. Mark Rothko through The Mark Rothko Foundation, Inc.",429.1981,Painting,Painting & Sculpture,1981-11-17,Y,79691,https://www.moma.org/collection/works/79691,https://www.moma.org/media/W1siZiIsIjE1OTIxOCJdLFsicCIsImNvbnZlcnQiLCItcmVzaXplIDEwMjR4MTAyNFx1MDAzZSJdXQ.jpg?sha=32b56c8242162538,,,,,191.4,,,215.2,,,abstract expressionism
Astoria,Frank Stella,5640,"(American, 1936–2024)",(American),(1936),(2024),(male),1958,Enamel on canvas,"8' 3/4"" x 8' 3/4"" (245.7 x 245.7 cm)",Gift of Philip Johnson,431.1981,Painting,Painting & Sculpture,1981-11-17,Y,79697,https://www.moma.org/collection/works/79697,https://www.moma.org/media/W1siZiIsIjE1MTMzNCJdLFsicCIsImNvbnZlcnQiLCItcmVzaXplIDEwMjR4MTAyNFx1MDAzZSJdXQ.jpg?sha=31ad8d246c7fa69b,,,,,245.7,,,245.7,,,minimalism
Nasielk III,Frank Stella,5640,"(American, 1936–2024)",(American),(1936),(2024),(male),1972,Synthetic polymer paint and felt on corrugated cardboard,"9' 1 3/4"" x 7' 5 1/2"" (278.7 x 227.3 cm)",Gift of Philip Johnson,432.1981,Painting,Painting & Sculpture,1981-11-17,Y,79699,https://www.moma.org/collection/works/79699,,,,,,278.8,,,227.3,,,minimalism
"Andy Warhol, ""Jackie,"" 1964",Richard Pettibone,4587,"(American, 1938–2024)",(American),(1938),(2024),(male),1968,Silkscreen ink on canvas,"2 3/4 x 2 1/4"" (7 x 5.8 cm)",Frances R. Keech Bequest,449.1994,Painting,Painting & Sculpture,1994-10-11,Y,79715,https://www.moma.org/collection/works/79715,https://www.moma.org/media/W1siZiIsIjIwODk1NyJdLFsicCIsImNvbnZlcnQiLCItcmVzaXplIDEwMjR4MTAyNFx1MDAzZSJdXQ.jpg?sha=577cf8bd0d803f30,,,,,7.0,,,5.8,,,appropriation
Untitled,Ad Reinhardt,4856,"(American, 1913–1967)",(American),(1913),(1967),(male),1938,Oil on canvas,"16 x 20"" (40.6 x 50.8 cm)",Gift of the artist,451.1967,Painting,Painting & Sculpture,1967-06-06,Y,79720,https://www.moma.org/collection/works/79720,https://www.moma.org/media/W1siZiIsIjUzOTA4NiJdLFsicCIsImNvbnZlcnQiLCItcmVzaXplIDEwMjR4MTAyNFx1MDAzZSJdXQ.jpg?sha=1c733b560dda1d1f,,,,,40.6,,,50.8,,,abstract expressionism
Vase of Flowers,Pablo Picasso,4609,"(Spanish, 1881–1973)",(Spanish),(1881),(1973),(male),"Paris, spring 1908",Oil on canvas,"36 1/4 x 28 3/4"" (92.1 x 73 cm)",Gift of Mr. and Mrs. Ralph F. Colin,311.1962,Painting,Painting & Sculpture,1962-12-11,Y,79731,https://www.moma.org/collection/works/79731,https://www.moma.org/media/W1siZiIsIjE2MjA0NyJdLFsicCIsImNvbnZlcnQiLCItcmVzaXplIDEwMjR4MTAyNFx1MDAzZSJdXQ.jpg?sha=d1820f854b3196df,,,,,92.1,,,73.0,,,surrealism
Gold Marilyn Monroe,Andy Warhol,6246,"(American, 1928–1987)",(American),(1928),(1987),(male),1962,Silkscreen ink and acrylic on canvas,"6' 11 1/4"" x 57"" (211.4 x 144.7 cm)",Gift of Philip Johnson,316.1962,Painting,Painting & Sculpture,1962-12-11,Y,79737,https://www.moma.org/collection/works/79737,https://www.moma.org/media/W1siZiIsIjQ3NzE5NiJdLFsicCIsImNvbnZlcnQiLCItcmVzaXplIDEwMjR4MTAyNFx1MDAzZSJdXQ.jpg?sha=6b8523b4567bdcf7,,,,,211.4,,,144.7,,,pop art
Spectrum IV,Ellsworth Kelly,3048,"(American, 1923–2015)",(American),(1923),(2015),(male),1967,"Oil on canvas, thirteen panels","9' 9"" x 9' 9"" (297.2 x 297.2 cm)","Mrs. John Hay Whitney Bequest and The Sidney and Harriet Janis Collection (both by exchange), and gift of Irving Blum",319.1999.a-m,Painting,Painting & Sculpture,1999-10-12,Y,79739,https://www.moma.org/collection/works/79739,https://www.moma.org/media/W1siZiIsIjE2MTEzMyJdLFsicCIsImNvbnZlcnQiLCItcmVzaXplIDEwMjR4MTAyNFx1MDAzZSJdXQ.jpg?sha=d5010b45e62b7012,,,,,297.2,,,297.2,,,abstract art
Hammer and Sickle,Andy Warhol,6246,"(American, 1928–1987)",(American),(1928),(1987),(male),1976,Silkscreen ink on synthetic polymer paint on canvas,"10' x 13' 4"" (304.8 x 406.4 cm)",Purchase,322.1999,Painting,Painting & Sculpture,1999-10-12,Y,79746,https://www.moma.org/collection/works/79746,https://www.moma.org/media/W1siZiIsIjE1MTI2NCJdLFsicCIsImNvbnZlcnQiLCItcmVzaXplIDEwMjR4MTAyNFx1MDAzZSJdXQ.jpg?sha=a3498c397a04db6a,,,0.0,,0.0,,,0.0,,,pop art
Rorschach,Andy Warhol,6246,"(American, 1928–1987)",(American),(1928),(1987),(male),1984,Synthetic polymer paint on canvas,"13' 8 1/4"" x 9' 7"" (417.2 x 292.1 cm)",Purchase,323.1999,Painting,Painting & Sculpture,1999-10-12,Y,79749,https://www.moma.org/collection/works/79749,https://www.moma.org/media/W1siZiIsIjE1NjM4NyJdLFsicCIsImNvbnZlcnQiLCItcmVzaXplIDEwMjR4MTAyNFx1MDAzZSJdXQ.jpg?sha=b3cd9d94160f0f64,,,,,416.6,,,292.1,,,pop art
Three Women at the Spring,Pablo Picasso,4609,"(Spanish, 1881–1973)",(Spanish),(1881),(1973),(male),"Fontainebleau, summer 1921",Oil on canvas,"6' 8 1/4"" x 68 1/2"" (203.9 x 174 cm)",Gift of Mr. and Mrs. Allan D. Emil,332.1952,Painting,Painting & Sculpture,1952-12-08,Y,79762,https://www.moma.org/collection/works/79762,https://www.moma.org/media/W1siZiIsIjUzNzgyMyJdLFsicCIsImNvbnZlcnQiLCItcmVzaXplIDEwMjR4MTAyNFx1MDAzZSJdXQ.jpg?sha=e86b39104fd6a9c2,"""MoMA, Floor 5, 513""",,,,203.9,,,174.0,,,surrealism
Les Demoiselles d'Avignon,Pablo Picasso,4609,"(Spanish, 1881–1973)",(Spanish),(1881),(1973),(male),"Paris, June-July 1907",Oil on canvas,"8' x 7' 8"" (243.9 x 233.7 cm)",Acquired through the Lillie P. Bliss Bequest (by exchange),333.1939,Painting,Painting & Sculpture,1939-04-24,Y,79766,https://www.moma.org/collection/works/79766,https://www.moma.org/media/W1siZiIsIjQzODQ1MiJdLFsicCIsImNvbnZlcnQiLCItcmVzaXplIDEwMjR4MTAyNFx1MDAzZSJdXQ.jpg?sha=3f29ede754df16f5,"""MoMA, Floor 5, 502""",,,,243.9,,,233.7,,,surrealism
The Divers,Fernand Léger,6624,"(French, 1881–1955)",(French),(1881),(1955),(male),1941-42,Oil on canvas,"7' 6"" x 68"" (228.6 x 172.8 cm)",Mrs. Simon Guggenheim Fund,333.1955,Painting,Painting & Sculpture,1955-11-23,Y,79768,https://www.moma.org/collection/works/79768,https://www.moma.org/media/W1siZiIsIjE1MTI3MiJdLFsicCIsImNvbnZlcnQiLCItcmVzaXplIDEwMjR4MTAyNFx1MDAzZSJdXQ.jpg?sha=eb6baf131306c2c6,,,,,228.6,,,172.8,,,Cubism
Butterflies,Odilon Redon,4840,"(French, 1840–1916)",(French),(1840),(1916),(male),c. 1910,Oil on canvas,"29 1/8 x 21 5/8"" (73.9 x 54.9 cm)",Gift of Mrs. Werner E. Josten in memory of her husband,454.1964,Painting,Painting & Sculpture,1964-05-12,Y,79775,https://www.moma.org/collection/works/79775,https://www.moma.org/media/W1siZiIsIjI3NjQ0OSJdLFsicCIsImNvbnZlcnQiLCItcmVzaXplIDEwMjR4MTAyNFx1MDAzZSJdXQ.jpg?sha=afe77fed4d794ae0,,,,,73.9,,,54.9276,,,Symbolism
Playthings of the Prince,Giorgio de Chirico,1106,"(Italian, born Greece. 1888–1978)",(Italian),(1888),(1978),(male),fall 1915,Oil on canvas,"21 7/8 x 10 1/4"" (55.4 x 25.9 cm)",Gift of Pierre Matisse in memory of Patricia Kane Matisse,462.1978,Painting,Painting & Sculpture,1978-06-13,Y,79783,https://www.moma.org/collection/works/79783,https://www.moma.org/media/W1siZiIsIjMyMjc2MiJdLFsicCIsImNvbnZlcnQiLCItcmVzaXplIDEwMjR4MTAyNFx1MDAzZSJdXQ.jpg?sha=674e07bf967969ab,,,,,55.4,,,25.9,,,metaphysical painting
The Desert Track,Jean Dubuffet,1633,"(French, 1901–1985)",(French),(1901),(1985),(male),1949,"Oil, sand, and pebbles on board","19 5/8 x 24"" (50 x 61.1 cm)",Gift of Pierre Matisse in memory of Patricia Kane Matisse,463.1978,Painting,Painting & Sculpture,1978-06-13,Y,79784,https://www.moma.org/collection/works/79784,https://www.moma.org/media/W1siZiIsIjE3ODM5MCJdLFsicCIsImNvbnZlcnQiLCItcmVzaXplIDEwMjR4MTAyNFx1MDAzZSJdXQ.jpg?sha=0f42770b9503cd3c,,,,,50.0,,,61.1,,,outsider art
White Plaque: Bridge Arch and Reflection,Ellsworth Kelly,3048,"(American, 1923–2015)",(American),(1923),(2015),(male),1955,"Oil on wood, two panels separated by a wood strip","64 7/8 x 47 7/8"" (164.6 x 121.6 cm)","Fractional and promised gift of Emily Rauh Pulitzer; Vincent D' Aquila and Harry Soviak Bequest Fund, and Enid A. Haupt Fund",468.1996,Painting,Painting & Sculpture,1996-10-07,Y,79793,https://www.moma.org/collection/works/79793,https://www.moma.org/media/W1siZiIsIjE1MTM0MCJdLFsicCIsImNvbnZlcnQiLCItcmVzaXplIDEwMjR4MTAyNFx1MDAzZSJdXQ.jpg?sha=9614bb2d5187e9cc,,,,,164.8,,,121.6,,,abstract art
With My Shadow,Yves Tanguy,5804,"(American, born France. 1900–1955)",(American),(1900),(1955),(male),1928,Oil on canvas,"45 3/8 x 32 1/8"" (104.5 x 81.5 cm)",Gift of Pierre Matisse in memory of Patricia Kane Matisse,470.1978,Painting,Painting & Sculpture,1978-06-13,Y,79799,https://www.moma.org/collection/works/79799,https://www.moma.org/media/W1siZiIsIjIxOTA2NCJdLFsicCIsImNvbnZlcnQiLCItcmVzaXplIDEwMjR4MTAyNFx1MDAzZSJdXQ.jpg?sha=5c035197433827ef,"""MoMA, Floor 5, 517""",,,,104.5,,,81.5,,,surrealism
Empress of India,Frank Stella,5640,"(American, 1936–2024)",(American),(1936),(2024),(male),1965,Metallic powder in polymer emulsion paint on canvas,"6' 5"" x 18' 8"" (195.6 x 548.6 cm)","Gift of S. I. Newhouse, Jr.",474.1978,Painting,Painting & Sculpture,1978-06-13,Y,79806,https://www.moma.org/collection/works/79806,https://www.moma.org/media/W1siZiIsIjIxMTQ5NyJdLFsicCIsImNvbnZlcnQiLCItcmVzaXplIDEwMjR4MTAyNFx1MDAzZSJdXQ.jpg?sha=4fb4c7d218399896,,,,,195.6,,,548.6,,,minimalism
Campbell's Soup Cans,Andy Warhol,6246,"(American, 1928–1987)",(American),(1928),(1987),(male),1962,"Acrylic with metallic enamel paint on canvas, 32 panels","Each canvas 20 x 16"" (50.8 x 40.6 cm).
Overall installation with 3"" between each panel is 97"" high x 163"" wide","Partial gift of Irving Blum

Additional funding provided by Nelson A. Rockefeller Bequest, gift of Mr. and Mrs. William A. M. Burden, Abby Aldrich Rockefeller Fund, gift of Nina and Gordon Bunshaft, acquired through the Lillie P. Bliss Bequest, Philip Johnson Fund, Frances R. Keech Bequest, gift of Mrs. Bliss Parkinson, and Florence B. Wesley Bequest (all by exchange)",476.1996.1-32,Painting,Painting & Sculpture,1996-10-07,Y,79809,https://www.moma.org/collection/works/79809,https://www.moma.org/media/W1siZiIsIjMxODI0MiJdLFsicCIsImNvbnZlcnQiLCItcmVzaXplIDEwMjR4MTAyNFx1MDAzZSJdXQ.jpg?sha=da9ed7773f4c0ff4,"""MoMA, Floor 4, 412""",,,,50.8,,,40.6,,,pop art
"View from the Dunes with Beach and Piers, Domburg",Piet Mondrian,4057,"(Dutch, 1872–1944)",(Dutch),(1872),(1944),(male),1909,Oil and pencil on cardboard,"11 1/4 x 15 1/8"" (28.5 x 38.5 cm)",A. Conger Goodyear Fund,479.1985,Painting,Painting & Sculpture,1986-01-13,Y,79812,https://www.moma.org/collection/works/79812,https://www.moma.org/media/W1siZiIsIjE5MzI5MiJdLFsicCIsImNvbnZlcnQiLCItcmVzaXplIDEwMjR4MTAyNFx1MDAzZSJdXQ.jpg?sha=8de9a1f0993bea0e,,,,,28.5,,,38.5,,,Symbolism
"Church Vestments (chasuble, stole, maniple, chalice veil, burse)",Henri Matisse,3832,"(French, 1869–1954)",(French),(1869),(1954),(male),c. 1950,"Silk with appliqué of silk satin, shantung, and velvet, lined","Chasuble 51 x 77 1/2"" (129.5 x 196.9 cm)",Acquired through the Lillie P. Bliss Bequest (by exchange),484.1953.1-5,Painting,Painting & Sculpture,1953-11-04,Y,79815,https://www.moma.org/collection/works/79815,https://www.moma.org/media/W1siZiIsIjIyOTg0NyJdLFsicCIsImNvbnZlcnQiLCItcmVzaXplIDEwMjR4MTAyNFx1MDAzZSJdXQ.jpg?sha=ad4d68a9bdc78dae,,,,,11.4,,,17.1,,,impressionism
"Composition No. II, with Red and Blue",Piet Mondrian,4057,"(Dutch, 1872–1944)",(Dutch),(1872),(1944),(male),1929 (original date partly obliterated; mistakenly repainted 1925 by Mondrian),Oil on canvas,"15 7/8 x 12 5/8"" (40.3 x 32.1 cm)",Gift of Philip Johnson,486.1941,Painting,Painting & Sculpture,1941-06-10,Y,79816,https://www.moma.org/collection/works/79816,https://www.moma.org/media/W1siZiIsIjI5MjUwNiJdLFsicCIsImNvbnZlcnQiLCItcmVzaXplIDEwMjR4MTAyNFx1MDAzZSJdXQ.jpg?sha=eb07e3c0ac0a72d8,"""MoMA, Floor 5, 512""",,,,40.3,,,32.1,,,Symbolism
Bather,Joan Miró,4016,"(Spanish, 1893–1983)",(Spanish),(1893),(1983),(male),"Montroig, October 1932",Oil and pencil on wood,"14 1/2 x 18"" (36.8 x 45.7 cm)",Gift of Celeste and Armand P. Bartos,503.1984,Painting,Painting & Sculpture,1984-12-11,Y,79846,https://www.moma.org/collection/works/79846,https://www.moma.org/media/W1siZiIsIjE1NzA0OCJdLFsicCIsImNvbnZlcnQiLCItcmVzaXplIDEwMjR4MTAyNFx1MDAzZSJdXQ.jpg?sha=0181419970eccd17,,,,,36.8301,,,45.7,,,surrealism
Moon,Philip Guston,2419,"(American, born Canada. 1913–1980)",(American),(1913),(1980),(male),1979,Oil on canvas,"69"" x 6' 8 1/8"" (175.3 x 203.5 cm)",Gift of Philip Johnson,504.1998,Painting,Painting & Sculpture,1998-06-11,Y,79854,https://www.moma.org/collection/works/79854,https://www.moma.org/media/W1siZiIsIjQ5NDEwMiJdLFsicCIsImNvbnZlcnQiLCItcmVzaXplIDEwMjR4MTAyNFx1MDAzZSJdXQ.jpg?sha=f2dcb50c1643b33e,,,,,175.3,,,203.5,,,abstract expressionism
End Paper,Jasper Johns,2923,"(American, born 1930)",(American),(1930),(0),(male),1976,"Oil on canvas, two panels","60 1/8 x 69 5/8"" (152.7 x 176.9 cm)",Gift of Philip Johnson,505.1998.a-b,Painting,Painting & Sculpture,1998-06-11,Y,79861,https://www.moma.org/collection/works/79861,https://www.moma.org/media/W1siZiIsIjE1OTIyMyJdLFsicCIsImNvbnZlcnQiLCItcmVzaXplIDEwMjR4MTAyNFx1MDAzZSJdXQ.jpg?sha=404b63a3066aede6,,,,,152.7,,,176.8,,,Neo-Dada
Woman on a High Stool (Germaine Raynal),Henri Matisse,3832,"(French, 1869–1954)",(French),(1869),(1954),(male),"Paris, quai Saint-Michel, early 1914",Oil on canvas,"57 7/8 x 37 5/8"" (147 x 95.5 cm)",Gift and bequest of Florene M. Schoenborn and Samuel A. Marx,506.1964,Painting,Painting & Sculpture,1964-06-15,Y,79863,https://www.moma.org/collection/works/79863,https://www.moma.org/media/W1siZiIsIjE3MTA2NCJdLFsicCIsImNvbnZlcnQiLCItcmVzaXplIDEwMjR4MTAyNFx1MDAzZSJdXQ.jpg?sha=176ab1e5f212d6f2,,,,,147.0,,,95.5,,,impressionism
Summer,Jasper Johns,2923,"(American, born 1930)",(American),(1930),(0),(male),1985,Encaustic on canvas,"6' 3"" x 50"" (190.5 x 127 cm)",Gift of Philip Johnson,506.1998,Painting,Painting & Sculpture,1998-06-11,Y,79864,https://www.moma.org/collection/works/79864,https://www.moma.org/media/W1siZiIsIjE1MTM1NCJdLFsicCIsImNvbnZlcnQiLCItcmVzaXplIDEwMjR4MTAyNFx1MDAzZSJdXQ.jpg?sha=55aa517236d2147b,,,,,190.5,,,127.0,,,Neo-Dada
Goldfish and Palette,Henri Matisse,3832,"(French, 1869–1954)",(French),(1869),(1954),(male),"Paris, quai Saint-Michel, late November 1914-spring 1915",Oil on canvas,"57 3/4 x 44 1/4"" (146.5 x 112.4 cm)",Gift and bequest of Florene M. Schoenborn and Samuel A. Marx,507.1964,Painting,Painting & Sculpture,1964-06-15,Y,79866,https://www.moma.org/collection/works/79866,https://www.moma.org/media/W1siZiIsIjE3MDM1NiJdLFsicCIsImNvbnZlcnQiLCItcmVzaXplIDEwMjR4MTAyNFx1MDAzZSJdXQ.jpg?sha=f03b9b9aec6fb525,,,,,146.5,,,112.4,,,impressionism
"Still Life after Jan Davidsz. de Heem's ""La Desserte""",Henri Matisse,3832,"(French, 1869–1954)",(French),(1869),(1954),(male),"Issy-les-Moulineaux, summer-fall 1915",Oil on canvas,"71 1/4"" x 7' 3"" (180.9 x 220.8 cm)",Gift and bequest of Florene M. Schoenborn and Samuel A. Marx,508.1964,Painting,Painting & Sculpture,1964-06-15,Y,79872,https://www.moma.org/collection/works/79872,https://www.moma.org/media/W1siZiIsIjE2NDM5MiJdLFsicCIsImNvbnZlcnQiLCItcmVzaXplIDEwMjR4MTAyNFx1MDAzZSJdXQ.jpg?sha=d1f3c9950f17b095,,,,,180.9,,,220.8,,,impressionism
Gray Scrambled Double Square,Frank Stella,5640,"(American, 1936–2024)",(American),(1936),(2024),(male),1964,Alkyd on canvas,"69"" x 11'  6 1/4"" (175.2 x 351.2 cm)",Gift of Celeste and Armand P. Bartos,508.1984,Painting,Painting & Sculpture,1984-12-11,Y,79875,https://www.moma.org/collection/works/79875,https://www.moma.org/media/W1siZiIsIjE4MjcwNSJdLFsicCIsImNvbnZlcnQiLCItcmVzaXplIDEwMjR4MTAyNFx1MDAzZSJdXQ.jpg?sha=328e6738e3e0b26b,,,,,175.2,,,351.1557023114,,,minimalism
Trafalgar Square,Piet Mondrian,4057,"(Dutch, 1872–1944)",(Dutch),(1872),(1944),(male),1939–43,Oil on canvas,"57 1/4 x 47 1/4"" (145.2 x 120 cm)",Gift of Mr. and Mrs. William A. M. Burden,510.1964,Painting,Painting & Sculpture,1964-06-15,Y,79879,https://www.moma.org/collection/works/79879,https://www.moma.org/media/W1siZiIsIjE2MTM2NCJdLFsicCIsImNvbnZlcnQiLCItcmVzaXplIDEwMjR4MTAyNFx1MDAzZSJdXQ.jpg?sha=53c96a832aabed42,,,,,145.2,,,120.0,,,Symbolism
S&H Green Stamps,Andy Warhol,6246,"(American, 1928–1987)",(American),(1928),(1987),(male),1962,Silkscreen ink on synthetic polymer paint on canvas,"71 3/4 x 53 3/4"" (182.3 x 136.6 cm)",Gift of Philip Johnson,512.1998,Painting,Painting & Sculpture,1998-06-11,Y,79885,https://www.moma.org/collection/works/79885,https://www.moma.org/media/W1siZiIsIjE1MTM2MiJdLFsicCIsImNvbnZlcnQiLCItcmVzaXplIDEwMjR4MTAyNFx1MDAzZSJdXQ.jpg?sha=d932681695222ecb,,,,,182.2,,,136.5,,,pop art
Self-Portrait,Andy Warhol,6246,"(American, 1928–1987)",(American),(1928),(1987),(male),1966,Silkscreen ink on synthetic polymer paint on nine canvases,"Each canvas 22 1/2 x 22 1/2"" (57.2 x 57.2 cm), overall 67 5/8 x 67 5/8"" (171.7 x 171.7 cm)",Gift of Philip Johnson,513.1998.a-i,Painting,Painting & Sculpture,1998-06-11,Y,79889,https://www.moma.org/collection/works/79889,https://www.moma.org/media/W1siZiIsIjM0MjYyMiJdLFsicCIsImNvbnZlcnQiLCItcmVzaXplIDEwMjR4MTAyNFx1MDAzZSJdXQ.jpg?sha=cfe70578a8c39f6d,,,,,171.8,,,171.8,,,pop art
Seated Woman,Pablo Picasso,4609,"(Spanish, 1881–1973)",(Spanish),(1881),(1973),(male),"Paris, 1927",Oil on wood,"51 1/8 x 38 1/4"" (129.9 x 96.8 cm)",Gift of James Thrall Soby,516.1961,Painting,Painting & Sculpture,1962-12-12,Y,79895,https://www.moma.org/collection/works/79895,https://www.moma.org/media/W1siZiIsIjE1OTEzMSJdLFsicCIsImNvbnZlcnQiLCItcmVzaXplIDEwMjR4MTAyNFx1MDAzZSJdXQ.jpg?sha=61117e3952a1ca50,,,,,129.9,,,96.8,,,surrealism
Campbell's Soup,Andy Warhol,6246,"(American, 1928–1987)",(American),(1928),(1987),(male),1966,Felt,"90 1/2 x 56 1/4"" (229.7 x 142.9 cm)",Gift of Philip Johnson,527.1970,Painting,Painting & Sculpture,1970-11-10,Y,79920,https://www.moma.org/collection/works/79920,,,,,,229.9,,,142.9,,,pop art
Woman in an Armchair,Pablo Picasso,4609,"(Spanish, 1881–1973)",(Spanish),(1881),(1973),(male),"Mougins, 1961-62",Oil on canvas,"63 7/8 x 51 1/8"" (162.3 x 129.8 cm)",Gift of Mr. and Mrs. David Rockefeller,529.1964,Painting,Painting & Sculpture,1964-06-15,Y,79928,https://www.moma.org/collection/works/79928,https://www.moma.org/media/W1siZiIsIjE3MTE1MyJdLFsicCIsImNvbnZlcnQiLCItcmVzaXplIDEwMjR4MTAyNFx1MDAzZSJdXQ.jpg?sha=bc108d0023921024,,,,,162.3,,,129.8,,,surrealism
Gothic,Jackson Pollock,4675,"(American, 1912–1956)",(American),(1912),(1956),(male),1944,Oil on canvas,"7' 5/8"" x 56"" (215.5 x 142.1 cm)",Bequest of Lee Krasner,533.1984,Painting,Painting & Sculpture,1980-04-09,Y,79942,https://www.moma.org/collection/works/79942,https://www.moma.org/media/W1siZiIsIjIwNDMyNSJdLFsicCIsImNvbnZlcnQiLCItcmVzaXplIDEwMjR4MTAyNFx1MDAzZSJdXQ.jpg?sha=1185b5c6b0d64148,,,,,215.5,,,142.1,,,abstract expressionism
The Rose Marble Table,Henri Matisse,3832,"(French, 1869–1954)",(French),(1869),(1954),(male),"Issy-les-Moulineaux, spring-summer 1917",Oil on canvas,"57 1/2 x 38 1/4"" (146 x 97 cm)",Mrs. Simon Guggenheim Fund,554.1956,Painting,Painting & Sculpture,1956-11-08,Y,79957,https://www.moma.org/collection/works/79957,https://www.moma.org/media/W1siZiIsIjE3MDM5MyJdLFsicCIsImNvbnZlcnQiLCItcmVzaXplIDEwMjR4MTAyNFx1MDAzZSJdXQ.jpg?sha=c3b8dbd814a487f9,"""MoMA, Floor 5, 506""",,,,146.0,,,97.0,,,impressionism
Multiplication of the Arcs,Yves Tanguy,5804,"(American, born France. 1900–1955)",(American),(1900),(1955),(male),1954,Oil on canvas,"40 x 60"" (101.6 x 152.4 cm)",Mrs. Simon Guggenheim Fund,559.1954,Painting,Painting & Sculpture,1954-12-16,Y,79963,https://www.moma.org/collection/works/79963,https://www.moma.org/media/W1siZiIsIjIwNDYxOCJdLFsicCIsImNvbnZlcnQiLCItcmVzaXplIDEwMjR4MTAyNFx1MDAzZSJdXQ.jpg?sha=ef13bb78643aa70d,,,,,101.6,,,152.4,,,surrealism
Abstract Painting,Ad Reinhardt,4856,"(American, 1913–1967)",(American),(1913),(1967),(male),1960-61,Oil on canvas,"60 x 60"" (152.4 x 152.4 cm)",Purchase (by exchange),570.1963,Painting,Painting & Sculpture,1963-11-12,Y,79982,https://www.moma.org/collection/works/79982,https://www.moma.org/media/W1siZiIsIjE1MTM4MSJdLFsicCIsImNvbnZlcnQiLCItcmVzaXplIDEwMjR4MTAyNFx1MDAzZSJdXQ.jpg?sha=63089a13a3a4be07,,,,,152.4,,,152.4,,,abstract expressionism
Boy Leading a Horse,Pablo Picasso,4609,"(Spanish, 1881–1973)",(Spanish),(1881),(1973),(male),"Paris, 1905-06",Oil on canvas,"7' 2 7/8"" x 51 5/8"" (220.6 x 131.2 cm)",The William S. Paley Collection,575.1964,Painting,Painting & Sculpture,1964-10-06,Y,79994,https://www.moma.org/collection/works/79994,https://www.moma.org/media/W1siZiIsIjUyMzQxNSJdLFsicCIsImNvbnZlcnQiLCItcmVzaXplIDEwMjR4MTAyNFx1MDAzZSJdXQ.jpg?sha=dfeff6b3e5cad201,"""MoMA, Floor 5, 502""",,,,220.3,,,131.1278,,,surrealism
Repose,Pablo Picasso,4609,"(Spanish, 1881–1973)",(Spanish),(1881),(1973),(male),"Paris, spring 1908",Oil on canvas,"32 x 25 3/4"" (81.2 x 65.4 cm)","Acquired by exchange through the Katherine S. Dreier Bequest, and the Hillman Periodicals, Philip Johnson, Miss Janice Loeb, Abby Aldrich Rockefeller, and Mr. and Mrs. Norbert Schimmel Funds",575.1970,Painting,Painting & Sculpture,1970-12-08,Y,79996,https://www.moma.org/collection/works/79996,https://www.moma.org/media/W1siZiIsIjI3NjQ4MSJdLFsicCIsImNvbnZlcnQiLCItcmVzaXplIDEwMjR4MTAyNFx1MDAzZSJdXQ.jpg?sha=9c6286cd5e26b282,"""MoMA, Floor 5, 502""",,,,81.2,,,65.4,,,surrealism
"Study for ""Luxe, calme et volupté""",Henri Matisse,3832,"(French, 1869–1954)",(French),(1869),(1954),(male),1904,Oil on canvas,"12 13/16 × 15 15/16"" (32.5 × 40.5 cm)",Mrs. John Hay Whitney Bequest,582.1998,Painting,Painting & Sculpture,1998-09-22,Y,80016,https://www.moma.org/collection/works/80016,https://www.moma.org/media/W1siZiIsIjUzODYxNyJdLFsicCIsImNvbnZlcnQiLCItcmVzaXplIDEwMjR4MTAyNFx1MDAzZSJdXQ.jpg?sha=ac807970e137901b,,,,,32.5,,,40.5,,,impressionism
Self Portrait (Yo),Pablo Picasso,4609,"(Spanish, 1881–1973)",(Spanish),(1881),(1973),(male),1901,Oil on cardboard mounted on wood,"20 1/4 x 12 1/2"" (51.4 x 31.8 cm)",Mrs. John Hay Whitney Bequest,587.1998,Painting,Painting & Sculpture,1998-09-22,Y,80026,https://www.moma.org/collection/works/80026,https://www.moma.org/media/W1siZiIsIjE5ODk2MiJdLFsicCIsImNvbnZlcnQiLCItcmVzaXplIDEwMjR4MTAyNFx1MDAzZSJdXQ.jpg?sha=7da7da52849250cc,,,,,51.4,,,31.8,,,surrealism
Portrait of Henri Michaux,Jean Dubuffet,1633,"(French, 1901–1985)",(French),(1901),(1985),(male),January 1947,"Oil on putty, pebbles, and sand on canvas","51 1/2 x 38 3/8"" (130.7 x 97.3 cm)",The Sidney and Harriet Janis Collection,591.1967,Painting,Painting & Sculpture,1967-10-18,Y,80037,https://www.moma.org/collection/works/80037,https://www.moma.org/media/W1siZiIsIjE1MTM5NyJdLFsicCIsImNvbnZlcnQiLCItcmVzaXplIDEwMjR4MTAyNFx1MDAzZSJdXQ.jpg?sha=88632bd705d2708d,,,,,130.7,,,97.3,,,outsider art
Mural Painting,Joan Miró,4016,"(Spanish, 1893–1983)",(Spanish),(1893),(1983),(male),"Barcelona, October 18, 1950-January 26, 1951",Oil on canvas,"75 5/8 × 235 × 2 5/8"" (192.1 × 596.9 × 6.7 cm)",Mrs. Simon Guggenheim Fund,592.1963,Painting,Painting & Sculpture,1963-12-10,Y,80040,https://www.moma.org/collection/works/80040,https://www.moma.org/media/W1siZiIsIjIzNjk1MyJdLFsicCIsImNvbnZlcnQiLCItcmVzaXplIDEwMjR4MTAyNFx1MDAzZSJdXQ.jpg?sha=4b8ce6990b69e195,,,6.667513335,,192.0878841758,,,596.9011938024,,,surrealism
Blue Short Circuit,Jean Dubuffet,1633,"(French, 1901–1985)",(French),(1901),(1985),(male),February 1951,Oil on canvas,"46 1/8 x 35 1/4"" (117 x 89.4 cm)",The Sidney and Harriet Janis Collection,593.1967,Painting,Painting & Sculpture,1967-10-18,Y,80045,https://www.moma.org/collection/works/80045,https://www.moma.org/media/W1siZiIsIjE1MTQwMCJdLFsicCIsImNvbnZlcnQiLCItcmVzaXplIDEwMjR4MTAyNFx1MDAzZSJdXQ.jpg?sha=38317cc818ff2742,,,,,117.0,,,89.4,,,outsider art
Pistol,Roy Lichtenstein,3542,"(American, 1923–1997)",(American),(1923),(1997),(male),1964,Felt,"82 x 49"" (208.3 x 124.4 cm)",Gift of Philip Johnson,599.1965,Painting,Painting & Sculpture,1965-06-08,Y,80053,https://www.moma.org/collection/works/80053,https://www.moma.org/media/W1siZiIsIjM0NzU5NSJdLFsicCIsImNvbnZlcnQiLCItcmVzaXplIDEwMjR4MTAyNFx1MDAzZSJdXQ.jpg?sha=a49570c2a1adbb23,,,,,208.3,,,124.5,,,pop art
Cityscape,Gerhard Richter,4907,"(German, born 1932)",(German),(1932),(0),(male),1970,Oil on canvas,"6' 6 1/2"" x 6' 1/2"" (199.6 x 199.6 cm)",Fractional and promised gift of Jo Carole and Ronald S. Lauder,610.1994,Painting,Painting & Sculpture,1994-12-08,Y,80075,https://www.moma.org/collection/works/80075,https://www.moma.org/media/W1siZiIsIjE1MTQwOCJdLFsicCIsImNvbnZlcnQiLCItcmVzaXplIDEwMjR4MTAyNFx1MDAzZSJdXQ.jpg?sha=9100945a349cb1fc,,,,,199.4,,,184.1,,,capitalist realism
Actor's Mask,Paul Klee,3130,"(German, born Switzerland. 1879–1940)",(German),(1879),(1940),(male),1924,Oil on canvas mounted on board,"14 1/2 x 13 3/8"" (36.7 x 33.8 cm)",The Sidney and Harriet Janis Collection,616.1967,Painting,Painting & Sculpture,1969-07-22,Y,80094,https://www.moma.org/collection/works/80094,https://www.moma.org/media/W1siZiIsIjQ0MzY3NSJdLFsicCIsImNvbnZlcnQiLCItcmVzaXplIDEwMjR4MTAyNFx1MDAzZSJdXQ.jpg?sha=10ebeca190f957e2,,,,,36.7,,,33.8,,,surrealism
In the Grass,Paul Klee,3130,"(German, born Switzerland. 1879–1940)",(German),(1879),(1940),(male),1930,Oil on canvas,"16 5/8 x 20 3/4"" (42.1 x 52.5 cm)",The Sidney and Harriet Janis Collection,617.1967,Painting,Painting & Sculpture,1969-07-22,Y,80099,https://www.moma.org/collection/works/80099,https://www.moma.org/media/W1siZiIsIjIxMTcxNSJdLFsicCIsImNvbnZlcnQiLCItcmVzaXplIDEwMjR4MTAyNFx1MDAzZSJdXQ.jpg?sha=6b337682947d775b,,,,,42.1,,,52.5,,,surrealism
Convergences,Jean Dubuffet,1633,"(French, 1901–1985)",(French),(1901),(1985),(male),1976,Vinyl paint and cut-and-pasted paper mounted on canvas,"53 1/4"" x 11' 8 1/4"" (135.4 x 356.3 cm)",Nina and Gordon Bunshaft Bequest,619.1994,Painting,Painting & Sculpture,1994-12-08,Y,80106,https://www.moma.org/collection/works/80106,https://www.moma.org/media/W1siZiIsIjE2NzY2OSJdLFsicCIsImNvbnZlcnQiLCItcmVzaXplIDEwMjR4MTAyNFx1MDAzZSJdXQ.jpg?sha=8e4e4b6b53384cf3,,,,,135.3,,,356.2,,,outsider art
Mondanite XXIV,Jean Dubuffet,1633,"(French, 1901–1985)",(French),(1901),(1985),(male),1975,Vinyl paint on paper mounted on canvas,"approximately 25 1/4 x 36"" (64.1 x 91.3 cm)",Nina and Gordon Bunshaft Bequest,620.1994,Painting,Painting & Sculpture,1994-12-08,Y,80110,https://www.moma.org/collection/works/80110,https://www.moma.org/media/W1siZiIsIjE3MTA4NyJdLFsicCIsImNvbnZlcnQiLCItcmVzaXplIDEwMjR4MTAyNFx1MDAzZSJdXQ.jpg?sha=7c0c2e2abd966dd1,,,,,67.0,,,94.3,,,outsider art
Two Nudes,Pablo Picasso,4609,"(Spanish, 1881–1973)",(Spanish),(1881),(1973),(male),"Paris, late 1906",Oil on canvas,"59 5/8 x 36 5/8"" (151.3 x 93 cm)","Gift of G. David Thompson in honor of Alfred H. Barr, Jr.",621.1959,Painting,Painting & Sculpture,1959-04-22,Y,80111,https://www.moma.org/collection/works/80111,https://www.moma.org/media/W1siZiIsIjE1MTQxOCJdLFsicCIsImNvbnZlcnQiLCItcmVzaXplIDEwMjR4MTAyNFx1MDAzZSJdXQ.jpg?sha=ebadf71eb9f14455,"""MoMA, Floor 5, 502""",,,,151.3,,,93.0,,,surrealism
Abode V (with Stairs and Numerous Rooms),Jean Dubuffet,1633,"(French, 1901–1985)",(French),(1901),(1985),(male),April 1966,Vinyl paint on canvas,"57 3/4 x 45""  (146.7 x 114.4 cm)",Nina and Gordon Bunshaft Bequest,622.1994,Painting,Painting & Sculpture,1994-12-08,Y,80118,https://www.moma.org/collection/works/80118,https://www.moma.org/media/W1siZiIsIjUyNzcyMSJdLFsicCIsImNvbnZlcnQiLCItcmVzaXplIDEwMjR4MTAyNFx1MDAzZSJdXQ.jpg?sha=53015a7918c2adde,,,,,146.7,,,114.3,,,outsider art
Bridge,Fernand Léger,6624,"(French, 1881–1955)",(French),(1881),(1955),(male),1908?,Oil on canvas,"36 1/2 x 28 5/8"" (92.7 x 72.6 cm)",The Sidney and Harriet Janis Collection,624.1967,Painting,Painting & Sculpture,1967-10-18,Y,80121,https://www.moma.org/collection/works/80121,https://www.moma.org/media/W1siZiIsIjQ4MTgwOSJdLFsicCIsImNvbnZlcnQiLCItcmVzaXplIDEwMjR4MTAyNFx1MDAzZSJdXQ.jpg?sha=e8b166a3a4e28d3c,"""MoMA, Floor 5, 503""",,,,92.7,,,72.6,,,Cubism
The Violinist (Le Violoniste),Jean Dubuffet,1633,"(French, 1901–1985)",(French),(1901),(1985),(male),March 1944,Oil on canvas,"23 3/4 x 28 3/4"" (60.4 x 73 cm)",Nina and Gordon Bunshaft Bequest,625.1994,Painting,Painting & Sculpture,1994-12-08,Y,80124,https://www.moma.org/collection/works/80124,https://www.moma.org/media/W1siZiIsIjEyODE4NCJdLFsicCIsImNvbnZlcnQiLCItcmVzaXplIDEwMjR4MTAyNFx1MDAzZSJdXQ.jpg?sha=1abfd783e343c473,,,,,60.3,,,73.0,,,outsider art
Random Site with 5 Personages from the Sites Aléatoires series,Jean Dubuffet,1633,"(French, 1901–1985)",(French),(1901),(1985),(male),1982,Synthetic polymer paint and cut-and-pasted paper mounted on canvas,"26 1/2 x 39 1/4"" (67.4 x 99.7 cm)",Nina and Gordon Bunshaft Bequest,626.1994,Painting,Painting & Sculpture,1994-12-08,Y,80126,https://www.moma.org/collection/works/80126,https://www.moma.org/media/W1siZiIsIjE3NDgzOSJdLFsicCIsImNvbnZlcnQiLCItcmVzaXplIDEwMjR4MTAyNFx1MDAzZSJdXQ.jpg?sha=3bca9740dc93c2c6,,,,,67.4,,,99.7,,,outsider art
Slowly Toward the North,Yves Tanguy,5804,"(American, born France. 1900–1955)",(American),(1900),(1955),(male),1942,Oil on canvas,"42 x 36"" (106.7 x 91.4 cm)",Gift of Philip Johnson,627.1943,Painting,Painting & Sculpture,1943-11-04,Y,80127,https://www.moma.org/collection/works/80127,https://www.moma.org/media/W1siZiIsIjIwNDYxOSJdLFsicCIsImNvbnZlcnQiLCItcmVzaXplIDEwMjR4MTAyNFx1MDAzZSJdXQ.jpg?sha=c85dcb2e6b4638a7,,,,,106.7,,,91.4,,,surrealism
Building Facades,Jean Dubuffet,1633,"(French, 1901–1985)",(French),(1901),(1985),(male),July 1946,Oil on canvas,"51 3/4 x 63 7/8"" (130.5 x 162.3 cm)",Nina and Gordon Bunshaft Bequest,628.1994,Painting,Painting & Sculpture,1994-12-08,Y,80130,https://www.moma.org/collection/works/80130,https://www.moma.org/media/W1siZiIsIjE1MTQyMCJdLFsicCIsImNvbnZlcnQiLCItcmVzaXplIDEwMjR4MTAyNFx1MDAzZSJdXQ.jpg?sha=3f70707e69c83c9e,,,,,131.4,,,162.2,,,outsider art
Head of a Girl from the Assemblages d'empreintes series,Jean Dubuffet,1633,"(French, 1901–1985)",(French),(1901),(1985),(male),1954,Oil on canvas,"11 1/4 x 9 1/2"" (28.6 x 24.1 cm)",Nina and Gordon Bunshaft Bequest,630.1994,Painting,Painting & Sculpture,1994-12-08,Y,80135,https://www.moma.org/collection/works/80135,https://www.moma.org/media/W1siZiIsIjIwOTE4MyJdLFsicCIsImNvbnZlcnQiLCItcmVzaXplIDEwMjR4MTAyNFx1MDAzZSJdXQ.jpg?sha=4c8777f132739fee,,,,,28.6,,,24.1,,,outsider art
Window at Vers,André Derain,1500,"(French, 1880–1954)",(French),(1880),(1954),(male),1912,Oil on canvas,"51 1/2 x 35 1/4"" (130.8 x 89.5 cm)","Abby Aldrich Rockefeller Fund, purchased in memory of Mrs. Cornelius J. Sullivan",631.1939,Painting,Painting & Sculpture,1939-12-08,Y,80136,https://www.moma.org/collection/works/80136,https://www.moma.org/media/W1siZiIsIjIwOTE4NiJdLFsicCIsImNvbnZlcnQiLCItcmVzaXplIDEwMjR4MTAyNFx1MDAzZSJdXQ.jpg?sha=aca222e125ef24b8,,,,,130.8,,,89.5,,,Cubism
Tableau no. 2 / Composition no. V,Piet Mondrian,4057,"(Dutch, 1872–1944)",(Dutch),(1872),(1944),(male),1914,Oil on canvas,"21 5/8 x 33 5/8"" (54.8 x 85.3 cm)",The Sidney and Harriet Janis Collection,633.1967,Painting,Painting & Sculpture,1967-10-18,Y,80146,https://www.moma.org/collection/works/80146,https://www.moma.org/media/W1siZiIsIjM4NjUzOCJdLFsicCIsImNvbnZlcnQiLCItcmVzaXplIDEwMjR4MTAyNFx1MDAzZSJdXQ.jpg?sha=09533082ee987a07,"""MoMA, Floor 5, 503""",,,,54.8,,,85.3,,,Symbolism
The Mirror,Fernand Léger,6624,"(French, 1881–1955)",(French),(1881),(1955),(male),1925,Oil on canvas,"51 x 39 1/4"" (129.6 x 99.6 cm)",Nina and Gordon Bunshaft Bequest,633.1994,Painting,Painting & Sculpture,1994-12-08,Y,80147,https://www.moma.org/collection/works/80147,https://www.moma.org/media/W1siZiIsIjE1MTQyNSJdLFsicCIsImNvbnZlcnQiLCItcmVzaXplIDEwMjR4MTAyNFx1MDAzZSJdXQ.jpg?sha=07a31b415848dee7,,,,,129.5,,,99.7,,,Cubism
Composition with Red and Blue,Piet Mondrian,4057,"(Dutch, 1872–1944)",(Dutch),(1872),(1944),(male),1933,Oil on canvas,"16 1/4 x 13 1/8"" (41.2 x 33.3 cm)",The Sidney and Harriet Janis Collection,635.1967,Painting,Painting & Sculpture,1967-10-18,Y,80153,https://www.moma.org/collection/works/80153,https://www.moma.org/media/W1siZiIsIjE1OTEzOCJdLFsicCIsImNvbnZlcnQiLCItcmVzaXplIDEwMjR4MTAyNFx1MDAzZSJdXQ.jpg?sha=c48cde8ad374f07b,"""MoMA, Floor 4, 412""",,,,41.2,,,33.3,,,Symbolism
"""Or The Mocked Mocker""",Paul Klee,3130,"(German, born Switzerland. 1879–1940)",(German),(1879),(1940),(male),1930,Oil on canvas,"17 x 20 5/8"" (43.2 x 52.4 cm)",Gift of J. B. Neumann,637.1939,Painting,Painting & Sculpture,1939-12-08,Y,80157,https://www.moma.org/collection/works/80157,https://www.moma.org/media/W1siZiIsIjIxMTczOCJdLFsicCIsImNvbnZlcnQiLCItcmVzaXplIDEwMjR4MTAyNFx1MDAzZSJdXQ.jpg?sha=402c6d1f09155983,,,,,43.2,,,52.4,,,surrealism
"Composition in Yellow, Blue, and White, I",Piet Mondrian,4057,"(Dutch, 1872–1944)",(Dutch),(1872),(1944),(male),1937,Oil on canvas,"22 1/2 x 21 3/4"" (57.1 x 55.2 cm)",The Sidney and Harriet Janis Collection,637.1967,Painting,Painting & Sculpture,1967-10-18,Y,80158,https://www.moma.org/collection/works/80158,https://www.moma.org/media/W1siZiIsIjIyMzY5MSJdLFsicCIsImNvbnZlcnQiLCItcmVzaXplIDEwMjR4MTAyNFx1MDAzZSJdXQ.jpg?sha=cd5e5fedd63d1ddf,,,,,57.1,,,55.2,,,Symbolism
"Composition in Red, Blue, and Yellow",Piet Mondrian,4057,"(Dutch, 1872–1944)",(Dutch),(1872),(1944),(male),1937–42,Oil on canvas,"23 3/4 x 21 7/8"" (60.3 x 55.4 cm)",The Sidney and Harriet Janis Collection,638.1967,Painting,Painting & Sculpture,1967-10-18,Y,80160,https://www.moma.org/collection/works/80160,https://www.moma.org/media/W1siZiIsIjI2NTg4MyJdLFsicCIsImNvbnZlcnQiLCItcmVzaXplIDEwMjR4MTAyNFx1MDAzZSJdXQ.jpg?sha=c132f981ce333290,"""MoMA, Floor 5, 519""",,,,60.3,,,55.4,,,Symbolism
"Glass, Guitar, and Bottle",Pablo Picasso,4609,"(Spanish, 1881–1973)",(Spanish),(1881),(1973),(male),"Paris, early 1913","Oil, cut-and-pasted newspaper, charcoal, and pencil on canvas","25 3/4 x 21 1/8"" (65.4 x 53.6 cm)",The Sidney and Harriet Janis Collection,641.1967,Painting,Painting & Sculpture,1967-10-18,Y,80162,https://www.moma.org/collection/works/80162,https://www.moma.org/media/W1siZiIsIjIwMDUzOCJdLFsicCIsImNvbnZlcnQiLCItcmVzaXplIDEwMjR4MTAyNFx1MDAzZSJdXQ.jpg?sha=6c3aec94f8cd0dd0,,,,,65.4,,,53.6,,,surrealism
Painter and Model,Pablo Picasso,4609,"(Spanish, 1881–1973)",(Spanish),(1881),(1973),(male),"Paris, 1928",Oil on canvas,"51 1/8 x 64 1/4"" (129.8 x 163 cm)",The Sidney and Harriet Janis Collection,644.1967,Painting,Painting & Sculpture,1967-10-18,Y,80166,https://www.moma.org/collection/works/80166,https://www.moma.org/media/W1siZiIsIjE1MTQzMSJdLFsicCIsImNvbnZlcnQiLCItcmVzaXplIDEwMjR4MTAyNFx1MDAzZSJdXQ.jpg?sha=11b25eb4ea63070e,,,,,129.8,,,163.0,,,surrealism
Free Form,Jackson Pollock,4675,"(American, 1912–1956)",(American),(1912),(1956),(male),1946,Oil on canvas,"19 1/4 x 14"" (48.9 x 35.5 cm)",The Sidney and Harriet Janis Collection,645.1967,Painting,Painting & Sculpture,1967-10-18,Y,80170,https://www.moma.org/collection/works/80170,https://www.moma.org/media/W1siZiIsIjQ5MDIzOSJdLFsicCIsImNvbnZlcnQiLCItcmVzaXplIDEwMjR4MTAyNFx1MDAzZSJdXQ.jpg?sha=ab5683f0c21bf788,,,,,48.9,,,35.5,,,abstract expressionism
"No. 14 (Horizontals, White over Darks)",Mark Rothko,5047,"(American, born Russia (now Latvia). 1903–1970)",(American),(1903),(1970),(male),1961,Oil on canvas,"56 1/2"" x 7' 9 3/8"" (143.3 x 237 cm)",The Sidney and Harriet Janis Collection,647.1967,Painting,Painting & Sculpture,1967-10-18,Y,80177,https://www.moma.org/collection/works/80177,https://www.moma.org/media/W1siZiIsIjIwMjkzMiJdLFsicCIsImNvbnZlcnQiLCItcmVzaXplIDEwMjR4MTAyNFx1MDAzZSJdXQ.jpg?sha=245c77f41d9c4832,,,,,143.3,,,237.0,,,abstract expressionism
Fez (2),Frank Stella,5640,"(American, 1936–2024)",(American),(1936),(2024),(male),1964,Fluorescent alkyd on canvas,"6' 7 1/8"" x 6' 7 1/8"" (195.6 x 195.6 cm)",Gift of Lita Hornick,647.1997,Painting,Painting & Sculpture,1997-12-16,Y,80178,https://www.moma.org/collection/works/80178,https://www.moma.org/media/W1siZiIsIjUyODA0NyJdLFsicCIsImNvbnZlcnQiLCItcmVzaXplIDEwMjR4MTAyNFx1MDAzZSJdXQ.jpg?sha=072356e8dda90fad,,,,,201.0,,,201.0,,,minimalism
Umbrella and Bowler,Fernand Léger,6624,"(French, 1881–1955)",(French),(1881),(1955),(male),1926,Oil on canvas,"51 1/4 x 38 3/4"" (130.1 x 98.2 cm)",A. Conger Goodyear Fund,650.1959,Painting,Painting & Sculpture,1959-06-11,Y,80186,https://www.moma.org/collection/works/80186,https://www.moma.org/media/W1siZiIsIjE1MDkxMCJdLFsicCIsImNvbnZlcnQiLCItcmVzaXplIDEwMjR4MTAyNFx1MDAzZSJdXQ.jpg?sha=7f401f4716f2c79a,,,,,130.1,,,98.2,,,Cubism
The Clock,Philip Guston,2419,"(American, born Canada. 1913–1980)",(American),(1913),(1980),(male),1956-57,Oil on canvas,"6' 4"" x 64 1/8"" (193.1 x 163 cm)",Gift of Mrs. Bliss Parkinson,659.1959,Painting,Painting & Sculpture,1959-09-15,Y,80202,https://www.moma.org/collection/works/80202,https://www.moma.org/media/W1siZiIsIjE3OTQxNyJdLFsicCIsImNvbnZlcnQiLCItcmVzaXplIDEwMjR4MTAyNFx1MDAzZSJdXQ.jpg?sha=80f113e5db4d91dc,,,,,193.1,,,163.0,,,abstract expressionism
Modern Painting with Bolt,Roy Lichtenstein,3542,"(American, 1923–1997)",(American),(1923),(1997),(male),1967,Magna and oil on canvas,"68 1/4 x 68 3/8"" (173.2 x 173.5 cm)",The Sidney and Harriet Janis Collection,666.1967,Painting,Painting & Sculpture,1967-10-18,Y,80221,https://www.moma.org/collection/works/80221,https://www.moma.org/media/W1siZiIsIjE2MjA1NyJdLFsicCIsImNvbnZlcnQiLCItcmVzaXplIDEwMjR4MTAyNFx1MDAzZSJdXQ.jpg?sha=4278b738c7029896,,,,,173.2,,,173.5,,,pop art
Soul of the Underground,Jean Dubuffet,1633,"(French, 1901–1985)",(French),(1901),(1985),(male),"Vence, December 1959",Oil on aluminum foil on board,"58 7/8"" x 6' 4 3/4"" (149.6 x 195 cm)",Mary Sisler Bequest,668.1990,Painting,Painting & Sculpture,1990-12-10,Y,80225,https://www.moma.org/collection/works/80225,https://www.moma.org/media/W1siZiIsIjMzNjY1NSJdLFsicCIsImNvbnZlcnQiLCItcmVzaXplIDEwMjR4MTAyNFx1MDAzZSJdXQ.jpg?sha=5ac52bcb9fdc6106,,,,,149.6,,,195.0,,,outsider art
Bathers,André Derain,1500,"(French, 1880–1954)",(French),(1880),(1954),(male),1907,Oil on canvas,"52"" x 6' 4 3/4"" (132.1 x 195 cm)",William S. Paley and Abby Aldrich Rockefeller Funds,683.1980,Painting,Painting & Sculpture,1980-12-09,Y,80246,https://www.moma.org/collection/works/80246,https://www.moma.org/media/W1siZiIsIjIyMzcxOCJdLFsicCIsImNvbnZlcnQiLCItcmVzaXplIDEwMjR4MTAyNFx1MDAzZSJdXQ.jpg?sha=90fa6895f436e7d9,,,,,132.1,,,195.0,,,Cubism
Drowning Girl,Roy Lichtenstein,3542,"(American, 1923–1997)",(American),(1923),(1997),(male),1963,Oil and acrylic on canvas,"67 5/8 x 66 3/4"" (171.6 x 169.5 cm)",Philip Johnson Fund (by exchange) and gift of Mr. and Mrs. Bagley Wright,685.1971,Painting,Painting & Sculpture,1971-12-07,Y,80249,https://www.moma.org/collection/works/80249,https://www.moma.org/media/W1siZiIsIjIzNzM1NSJdLFsicCIsImNvbnZlcnQiLCItcmVzaXplIDEwMjR4MTAyNFx1MDAzZSJdXQ.jpg?sha=53d53e18107d6685,"""MoMA, Floor 4""",,,,171.6,,,169.5,,,pop art
Brooklyn Bridge VII,Ellsworth Kelly,3048,"(American, 1923–2015)",(American),(1923),(2015),(male),1962,Oil on canvas,"7' 8 1/8"" x 37 5/8"" (234 x 95.6 cm)",Gift of Solomon Byron Smith,688.1980,Painting,Painting & Sculpture,1980-12-09,Y,80258,https://www.moma.org/collection/works/80258,https://www.moma.org/media/W1siZiIsIjE1MTQ1NiJdLFsicCIsImNvbnZlcnQiLCItcmVzaXplIDEwMjR4MTAyNFx1MDAzZSJdXQ.jpg?sha=b97f5fc82b462649,"""MoMA, Floor 5, 516""",,,,234.0,,,95.6,,,abstract art
Bather with Beach Ball,Pablo Picasso,4609,"(Spanish, 1881–1973)",(Spanish),(1881),(1973),(male),"Boisgeloup, August 30, 1932",Oil on canvas,"57 7/8 x 45 1/8"" (146.2 x 114.6 cm)",Partial gift of an anonymous donor and promised gift of Jo Carole and Ronald S. Lauder,689.1980,Painting,Painting & Sculpture,1980-12-09,Y,80262,https://www.moma.org/collection/works/80262,https://www.moma.org/media/W1siZiIsIjE1MTQ1NyJdLFsicCIsImNvbnZlcnQiLCItcmVzaXplIDEwMjR4MTAyNFx1MDAzZSJdXQ.jpg?sha=ab24947e5d1c6639,,,,,146.2,,,114.6,,,surrealism
Number 107,Ad Reinhardt,4856,"(American, 1913–1967)",(American),(1913),(1967),(male),1950,Oil on canvas,"6' 8"" x 36"" (203.2 x 91.4 cm)",Given anonymously,693.1980,Painting,Painting & Sculpture,1980-12-09,Y,80269,https://www.moma.org/collection/works/80269,https://www.moma.org/media/W1siZiIsIjIwNjM5OCJdLFsicCIsImNvbnZlcnQiLCItcmVzaXplIDEwMjR4MTAyNFx1MDAzZSJdXQ.jpg?sha=b3f2359905361cee,"""MoMA, Floor 4, 402""",,,,203.2,,,91.4,,,abstract expressionism
Bauhaus Stairway,Roy Lichtenstein,3542,"(American, 1923–1997)",(American),(1923),(1997),(male),1988,Oil and magna on canvas,"7' 10"" x 66"" (238.8 x 167.7 cm)",Gift of Dorothy and Roy Lichtenstein,694.1990,Painting,Painting & Sculpture,1990-12-10,Y,80271,https://www.moma.org/collection/works/80271,https://www.moma.org/media/W1siZiIsIjE1MTQ2MCJdLFsicCIsImNvbnZlcnQiLCItcmVzaXplIDEwMjR4MTAyNFx1MDAzZSJdXQ.jpg?sha=5c903bbb11cf77e9,,,,,238.8,,,167.7,,,pop art
Abra Variation I,Frank Stella,5640,"(American, 1936–2024)",(American),(1936),(2024),(male),1969,Fluorescent alkyd on canvas,"10' x 9' 11 7/8"" (304.8 x 304.5 cm)",Gift of Philip Johnson in honor of William Rubin,695.1980,Painting,Painting & Sculpture,1980-12-09,Y,80273,https://www.moma.org/collection/works/80273,https://www.moma.org/media/W1siZiIsIjE1OTIyOSJdLFsicCIsImNvbnZlcnQiLCItcmVzaXplIDEwMjR4MTAyNFx1MDAzZSJdXQ.jpg?sha=f7a8628859d187a2,,,,,304.8,,,304.5,,,minimalism
"Andy Warhol, ""Marilyn Monroe,"" 1964",Richard Pettibone,4587,"(American, 1938–2024)",(American),(1938),(2024),(male),1968,Silkscreen ink on canvas,"5 1/4 x 5 1/4"" (13.3 x 13.3 cm)",Frances R. Keech Bequest,695.1994,Painting,Painting & Sculpture,1994-10-11,Y,80275,https://www.moma.org/collection/works/80275,https://www.moma.org/media/W1siZiIsIjE1OTM0NCJdLFsicCIsImNvbnZlcnQiLCItcmVzaXplIDEwMjR4MTAyNFx1MDAzZSJdXQ.jpg?sha=c05f52ca60e35826,,,,,13.3,,,13.3,,,appropriation
Untitled,Yves Tanguy,5804,"(American, born France. 1900–1955)",(American),(1900),(1955),(male),"December 25, 1954",Oil on wood,"3 1/4 x 3 1/4"" (8.3 x 8.3 cm)",James Thrall Soby Bequest,696.1980,Painting,Painting & Sculpture,1980-12-09,Y,80277,https://www.moma.org/collection/works/80277,,,,,,8.3,,,8.3,,,surrealism
"Andy Warhol, ""Marilyn Monroe,"" 1964",Richard Pettibone,4587,"(American, 1938–2024)",(American),(1938),(2024),(male),1968,Silkscreen ink on canvas,"5 1/4 x 5 1/4"" (13.3 x 13.3 cm)",Frances R. Keech Bequest,696.1994,Painting,Painting & Sculpture,1994-10-11,Y,80278,https://www.moma.org/collection/works/80278,https://www.moma.org/media/W1siZiIsIjIwOTI0NSJdLFsicCIsImNvbnZlcnQiLCItcmVzaXplIDEwMjR4MTAyNFx1MDAzZSJdXQ.jpg?sha=4964d1704993d33a,,,,,13.3,,,13.3,,,appropriation
The Architect's Table,Pablo Picasso,4609,"(Spanish, 1881–1973)",(Spanish),(1881),(1973),(male),"Paris, early 1912",Oil on canvas mounted on panel,"28 5/8 x 23 1/2"" (72.6 x 59.7 cm)",The William S. Paley Collection,697.1971,Painting,Painting & Sculpture,1971-12-21,Y,80280,https://www.moma.org/collection/works/80280,https://www.moma.org/media/W1siZiIsIjQ1ODAyMiJdLFsicCIsImNvbnZlcnQiLCItcmVzaXplIDEwMjR4MTAyNFx1MDAzZSJdXQ.jpg?sha=1737118882f44da1,"""MoMA, Floor 5, 503""",,,,72.6,,,59.7,,,surrealism
Water Heater,Andy Warhol,6246,"(American, 1928–1987)",(American),(1928),(1987),(male),1961,Casein on canvas,"44 3/4 x 40"" (113.6 x 101.5 cm)",Gift of Roy Lichtenstein,706.1971,Painting,Painting & Sculpture,1971-12-13,Y,80290,https://www.moma.org/collection/works/80290,https://www.moma.org/media/W1siZiIsIjE1MTQ2NyJdLFsicCIsImNvbnZlcnQiLCItcmVzaXplIDEwMjR4MTAyNFx1MDAzZSJdXQ.jpg?sha=5cb0b1798f5e0857,,,,,113.6,,,101.5,,,pop art
La Japonaise: Woman beside the Water,Henri Matisse,3832,"(French, 1869–1954)",(French),(1869),(1954),(male),"Collioure, summer 1905",Oil and pencil on canvas,"13 3/4 × 11"" (35 × 28 cm)",Purchase and anonymous gift,709.1983,Painting,Painting & Sculpture,1983-12-14,Y,80294,https://www.moma.org/collection/works/80294,https://www.moma.org/media/W1siZiIsIjUzODYxOCJdLFsicCIsImNvbnZlcnQiLCItcmVzaXplIDEwMjR4MTAyNFx1MDAzZSJdXQ.jpg?sha=38a552d8f2f5378f,,,,,35.0,,,28.0,,,impressionism
Red-Orange Panel with Curve,Ellsworth Kelly,3048,"(American, 1923–2015)",(American),(1923),(2015),(male),1993,Oil on canvas,"8' 8"" x 7' 3 1/2"" (269.4 x 222.5 cm)",Gift of the Committee on Painting and Sculpture in honor of Richard E. Oldenburg,715.1993,Painting,Painting & Sculpture,1993-12-06,Y,80300,https://www.moma.org/collection/works/80300,https://www.moma.org/media/W1siZiIsIjE1MTQ2OSJdLFsicCIsImNvbnZlcnQiLCItcmVzaXplIDEwMjR4MTAyNFx1MDAzZSJdXQ.jpg?sha=f690c9edd42c7283,,,,,269.4,,,222.5,,,abstract art
"Number 7, 1950",Jackson Pollock,4675,"(American, 1912–1956)",(American),(1912),(1956),(male),1950,"Oil, enamel, and aluminum paint on canvas","23 1/16"" x 8' 9 3/4"" (58.5 x 268.6 cm)",Gift of Sylvia Slifka in honor of William Rubin,719.1993,Painting,Painting & Sculpture,1993-12-06,Y,80310,https://www.moma.org/collection/works/80310,https://www.moma.org/media/W1siZiIsIjIxNjAwNSJdLFsicCIsImNvbnZlcnQiLCItcmVzaXplIDEwMjR4MTAyNFx1MDAzZSJdXQ.jpg?sha=72d6b1d8fe166a86,,,,,58.5,,,268.6055,,,abstract expressionism
Lemons and Bottle of Dutch Gin,Henri Matisse,3832,"(French, 1869–1954)",(French),(1869),(1954),(male),Paris early 1896,Oil on canvas,"12 1/4 x 11 1/2"" (31.2 x 29.3 cm)",Gift of Mr. and Mrs. Warren Brandt,722.1976,Painting,Painting & Sculpture,1977-01-01,Y,80314,https://www.moma.org/collection/works/80314,https://www.moma.org/media/W1siZiIsIjE3ODM5NiJdLFsicCIsImNvbnZlcnQiLCItcmVzaXplIDEwMjR4MTAyNFx1MDAzZSJdXQ.jpg?sha=2c225922a2c67de7,,,,,31.2,,,29.3,,,impressionism
"""Hirondelle Amour""",Joan Miró,4016,"(Spanish, 1893–1983)",(Spanish),(1893),(1983),(male),"Barcelona, late fall 1933-winter 1934",Oil on canvas,"6' 6 1/2"" x 8' 1 1/2"" (199.3 x 247.6 cm)",Gift of Nelson A. Rockefeller,723.1976,Painting,Painting & Sculpture,1977-03-08,Y,80315,https://www.moma.org/collection/works/80315,https://www.moma.org/media/W1siZiIsIjE1MTQ3NCJdLFsicCIsImNvbnZlcnQiLCItcmVzaXplIDEwMjR4MTAyNFx1MDAzZSJdXQ.jpg?sha=7401b02e9d571025,,,,,199.3,,,247.6,,,surrealism
"The Marriage of Reason and Squalor, II",Frank Stella,5640,"(American, 1936–2024)",(American),(1936),(2024),(male),1959,Enamel on canvas,"7' 6 3/4"" x 11' 3/4"" (230.5 x 337.2 cm)",Larry Aldrich Foundation Fund,725.1959,Painting,Painting & Sculpture,1959-12-30,Y,80316,https://www.moma.org/collection/works/80316,https://www.moma.org/media/W1siZiIsIjQwMDg1NCJdLFsicCIsImNvbnZlcnQiLCItcmVzaXplIDEwMjR4MTAyNFx1MDAzZSJdXQ.jpg?sha=968478366aa8ea4b,,,,,230.5,,,337.2,,,minimalism
"Three Panels: Orange, Dark Gray, Green",Ellsworth Kelly,3048,"(American, 1923–2015)",(American),(1923),(2015),(male),1986,"Oil on canvas, three panels","Overall 9' 8"" x 34' 4 1/2"" (294.6 x 1047.7 cm)",Gift of Douglas S. Cramer Foundation,776.1995.a-c,Painting,Painting & Sculpture,1995-12-12,Y,80342,https://www.moma.org/collection/works/80342,https://www.moma.org/media/W1siZiIsIjIxMTg5MSJdLFsicCIsImNvbnZlcnQiLCItcmVzaXplIDEwMjR4MTAyNFx1MDAzZSJdXQ.jpg?sha=8c2d1bd5911a0b68,,,,,265.4,,,238.8,,,abstract art
Still Life with Aubergines,Henri Matisse,3832,"(French, 1869–1954)",(French),(1869),(1954),(male),"Collioure, summer 1911",Oil on canvas,"45 3/4 x 35 1/8"" (116.2 x 89.2 cm)",Louise Reinhardt Smith Bequest,782.1995,Painting,Painting & Sculpture,1995-12-12,Y,80350,https://www.moma.org/collection/works/80350,https://www.moma.org/media/W1siZiIsIjQ2ODczMyJdLFsicCIsImNvbnZlcnQiLCItcmVzaXplIDEwMjR4MTAyNFx1MDAzZSJdXQ.jpg?sha=161fe3803af8feb4,"""MoMA, Floor 5, 506""",,,,116.2,,,89.2,,,impressionism
Bather,Pablo Picasso,4609,"(Spanish, 1881–1973)",(Spanish),(1881),(1973),(male),winter 1908-09,Oil on canvas,"51 1/8 x 38 1/8"" (129.8 x 96.8 cm)",Louise Reinhardt Smith Bequest,786.1995,Painting,Painting & Sculpture,1995-12-12,Y,80357,https://www.moma.org/collection/works/80357,https://www.moma.org/media/W1siZiIsIjE1MTQ4NyJdLFsicCIsImNvbnZlcnQiLCItcmVzaXplIDEwMjR4MTAyNFx1MDAzZSJdXQ.jpg?sha=46e88b059aa6eaab,"""MoMA, Floor 5, 503""",,,,129.9,,,96.8,,,surrealism
Woman Dressing Her Hair,Pablo Picasso,4609,"(Spanish, 1881–1973)",(Spanish),(1881),(1973),(male),"Royan, June 1940",Oil on canvas,"51 1/4 x 38 1/4"" (130.1 x 97.1 cm)",Louise Reinhardt Smith Bequest,788.1995,Painting,Painting & Sculpture,1995-12-12,Y,80360,https://www.moma.org/collection/works/80360,https://www.moma.org/media/W1siZiIsIjE1MTQ4OCJdLFsicCIsImNvbnZlcnQiLCItcmVzaXplIDEwMjR4MTAyNFx1MDAzZSJdXQ.jpg?sha=ea8543db5670fd21,,,,,130.2,,,97.2,,,surrealism
Green Death,Odilon Redon,4840,"(French, 1840–1916)",(French),(1840),(1916),(male),c. 1905,Oil on canvas,"21 5/8 x 18 1/4"" (54.9 x 46.3 cm)",Louise Reinhardt Smith Bequest,790.1995,Painting,Painting & Sculpture,1995-12-12,Y,80362,https://www.moma.org/collection/works/80362,https://www.moma.org/media/W1siZiIsIjE1MTQ5MSJdLFsicCIsImNvbnZlcnQiLCItcmVzaXplIDEwMjR4MTAyNFx1MDAzZSJdXQ.jpg?sha=d7fb5a73d619ceac,,,,,54.9,,,46.4,,,Symbolism
The City,Fernand Léger,6624,"(French, 1881–1955)",(French),(1881),(1955),(male),1919,Oil on canvas,"38 1/8 x 51 3/8"" (96.8 x 130.5 cm)",Florene May Schoenborn Bequest,821.1996,Painting,Painting & Sculpture,1996-12-09,Y,80388,https://www.moma.org/collection/works/80388,https://www.moma.org/media/W1siZiIsIjE1MTUwMyJdLFsicCIsImNvbnZlcnQiLCItcmVzaXplIDEwMjR4MTAyNFx1MDAzZSJdXQ.jpg?sha=165edd74d95f9698,,,,,96.8,,,130.5,,,Cubism
Portrait of Enric Cristòfol Ricart,Joan Miró,4016,"(Spanish, 1893–1983)",(Spanish),(1893),(1983),(male),"Barcelona, winter or early spring 1917",Oil and pasted paper on canvas,"32 1/8 x 25 7/8"" (81.6 x 65.7 cm)",Florene May Schoenborn Bequest,822.1996,Painting,Painting & Sculpture,1996-12-09,Y,80389,https://www.moma.org/collection/works/80389,https://www.moma.org/media/W1siZiIsIjE1MTUwNCJdLFsicCIsImNvbnZlcnQiLCItcmVzaXplIDEwMjR4MTAyNFx1MDAzZSJdXQ.jpg?sha=7f989abb8bdc7f38,,,,,81.6,,,65.7,,,surrealism
Woman's Head,Pablo Picasso,4609,"(Spanish, 1881–1973)",(Spanish),(1881),(1973),(male),early 1908,Oil on canvas,"29 x 23 7/8"" (73.6 x 60.6 cm)",Florene May Schoenborn Bequest,825.1996,Painting,Painting & Sculpture,1996-12-09,Y,80391,https://www.moma.org/collection/works/80391,https://www.moma.org/media/W1siZiIsIjE1MTUwNSJdLFsicCIsImNvbnZlcnQiLCItcmVzaXplIDEwMjR4MTAyNFx1MDAzZSJdXQ.jpg?sha=d21c3ad1e47f48eb,,,,,73.6,,,60.6,,,surrealism
Woman Plaiting Her Hair,Pablo Picasso,4609,"(Spanish, 1881–1973)",(Spanish),(1881),(1973),(male),"Paris, late summer or fall 1906",Oil on canvas,"50 x 35 3/4"" (127 x 90.8 cm)",Florene May Schoenborn Bequest,826.1996,Painting,Painting & Sculpture,1996-12-09,Y,80393,https://www.moma.org/collection/works/80393,https://www.moma.org/media/W1siZiIsIjE3OTUyNSJdLFsicCIsImNvbnZlcnQiLCItcmVzaXplIDEwMjR4MTAyNFx1MDAzZSJdXQ.jpg?sha=d7fe4af266c4e96d,"""MoMA, Floor 5, 502""",,,,127.0,,,90.8,,,surrealism
Woman with Pears,Pablo Picasso,4609,"(Spanish, 1881–1973)",(Spanish),(1881),(1973),(male),"Horta de San Joan, summer 1909",Oil on canvas,"36 1/4 x 27 7/8"" (92.1 x 70.8 cm)",Florene May Schoenborn Bequest,827.1996,Painting,Painting & Sculpture,1996-12-09,Y,80394,https://www.moma.org/collection/works/80394,https://www.moma.org/media/W1siZiIsIjE1MTUwNyJdLFsicCIsImNvbnZlcnQiLCItcmVzaXplIDEwMjR4MTAyNFx1MDAzZSJdXQ.jpg?sha=941aeba5af3fb8e7,,,,,92.1,,,70.8,,,surrealism
Woman in an Armchair,Pablo Picasso,4609,"(Spanish, 1881–1973)",(Spanish),(1881),(1973),(male),July 1941,Oil on canvas,"36 3/8 x 29"" (92.4 x 73.6 cm)",Florene May Schoenborn Bequest,828.1996,Painting,Painting & Sculpture,1996-12-09,Y,80396,https://www.moma.org/collection/works/80396,https://www.moma.org/media/W1siZiIsIjE1MTUwOCJdLFsicCIsImNvbnZlcnQiLCItcmVzaXplIDEwMjR4MTAyNFx1MDAzZSJdXQ.jpg?sha=06ffb9dd6421e1f2,,,,,92.4,,,73.6,,,surrealism
Self-Portrait,Gerhard Richter,4907,"(German, born 1932)",(German),(1932),(0),(male),1996,Oil on linen,"20 1/8 x 18 1/4"" (51.1 x 46.4 cm)",Gift of Jo Carole and Ronald S. Lauder and Committee on Painting and Sculpture Funds,829.1996,Painting,Painting & Sculpture,1996-12-09,Y,80397,https://www.moma.org/collection/works/80397,https://www.moma.org/media/W1siZiIsIjE1MTUwOSJdLFsicCIsImNvbnZlcnQiLCItcmVzaXplIDEwMjR4MTAyNFx1MDAzZSJdXQ.jpg?sha=b9972035ac28d35d,,,,,51.1,,,46.4,,,capitalist realism
Mask of Fear,Paul Klee,3130,"(German, born Switzerland. 1879–1940)",(German),(1879),(1940),(male),1932,Oil on burlap,"39 5/8 x 22 1/2"" (100.4 x 57.1 cm)",Nelson A. Rockefeller Fund,854.1978,Painting,Painting & Sculpture,1978-12-12,Y,80410,https://www.moma.org/collection/works/80410,https://www.moma.org/media/W1siZiIsIjUyMDQ5NiJdLFsicCIsImNvbnZlcnQiLCItcmVzaXplIDEwMjR4MTAyNFx1MDAzZSJdXQ.jpg?sha=e58180149e10499e,,,,,100.4,,,57.1,,,surrealism
Firuzabad,Frank Stella,5640,"(American, 1936–2024)",(American),(1936),(2024),(male),1970,Synthetic polymer paint on canvas,"9' 11 3/4 x 15' 1/2"" (304 x 458 cm)",Purchase,856.1978,Painting,Painting & Sculpture,1978-12-12,Y,80411,https://www.moma.org/collection/works/80411,,,,,,304.0,,,458.0,,,minimalism
The Song of Love,Giorgio de Chirico,1106,"(Italian, born Greece. 1888–1978)",(Italian),(1888),(1978),(male),"Paris, June-July 1914",Oil on canvas,"28 3/4 x 23 3/8"" (73 x 59.1 cm)",Nelson A. Rockefeller Bequest,950.1979,Painting,Painting & Sculpture,1979-10-09,Y,80419,https://www.moma.org/collection/works/80419,https://www.moma.org/media/W1siZiIsIjE1MDkxNiJdLFsicCIsImNvbnZlcnQiLCItcmVzaXplIDEwMjR4MTAyNFx1MDAzZSJdXQ.jpg?sha=8d0ebaae197d61b3,,,,,73.0,,,59.1,,,metaphysical painting
Woman with a Book,Fernand Léger,6624,"(French, 1881–1955)",(French),(1881),(1955),(male),1923,Oil on canvas,"45 3/4 x 32 1/8"" (116 x 81.4 cm)",Nelson A. Rockefeller Bequest,959.1979,Painting,Painting & Sculpture,1979-10-09,Y,80425,https://www.moma.org/collection/works/80425,https://www.moma.org/media/W1siZiIsIjE1MTUzMSJdLFsicCIsImNvbnZlcnQiLCItcmVzaXplIDEwMjR4MTAyNFx1MDAzZSJdXQ.jpg?sha=544f90d0565f1d80,,,,,116.0,,,81.4,,,Cubism
Girl with a Mandolin (Fanny Tellier),Pablo Picasso,4609,"(Spanish, 1881–1973)",(Spanish),(1881),(1973),(male),"Paris, late spring 1910",Oil on canvas,"39 1/2 x 29"" (100.3 x 73.6 cm)",Nelson A. Rockefeller Bequest,966.1979,Painting,Painting & Sculpture,1979-10-09,Y,80430,https://www.moma.org/collection/works/80430,https://www.moma.org/media/W1siZiIsIjE1MTUzMyJdLFsicCIsImNvbnZlcnQiLCItcmVzaXplIDEwMjR4MTAyNFx1MDAzZSJdXQ.jpg?sha=c51732b468107af8,"""MoMA, Floor 5, 503""",,,,100.3,,,73.6,,,surrealism
Interior with a Girl Drawing,Pablo Picasso,4609,"(Spanish, 1881–1973)",(Spanish),(1881),(1973),(male),"Paris, February 1935",Oil on canvas,"51 1/4 x 6' 4 5/8"" (130 x 195 cm)",Nelson A. Rockefeller Bequest,969.1979,Painting,Painting & Sculpture,1979-10-09,Y,80432,https://www.moma.org/collection/works/80432,https://www.moma.org/media/W1siZiIsIjUyMDk3NCJdLFsicCIsImNvbnZlcnQiLCItcmVzaXplIDEwMjR4MTAyNFx1MDAzZSJdXQ.jpg?sha=9fcef6e05901fa29,,,,,130.0,,,195.0,,,surrealism
"Still Life: ""Job""",Pablo Picasso,4609,"(Spanish, 1881–1973)",(Spanish),(1881),(1973),(male),Paris 1916,Oil and sand on canvas,"17 x 13 3/4"" (43.2 x 34.9 cm)",Nelson A. Rockefeller Bequest,971.1979,Painting,Painting & Sculpture,1979-10-09,Y,80434,https://www.moma.org/collection/works/80434,https://www.moma.org/media/W1siZiIsIjIwOTUwOCJdLFsicCIsImNvbnZlcnQiLCItcmVzaXplIDEwMjR4MTAyNFx1MDAzZSJdXQ.jpg?sha=5ebb044b1e88912a,,,,,43.2,,,34.9,,,surrealism
Student with a Pipe,Pablo Picasso,4609,"(Spanish, 1881–1973)",(Spanish),(1881),(1973),(male),"Paris, autumn 1913–early 1914","Oil, gouache, cut-and-pasted paper, gesso, sand, and charcoal on canvas","28 3/4 x 23 1/8"" (73 x 58.7 cm)",Nelson A. Rockefeller Bequest,973.1979,Painting,Painting & Sculpture,1979-10-09,Y,80436,https://www.moma.org/collection/works/80436,https://www.moma.org/media/W1siZiIsIjE5NDg2MSJdLFsicCIsImNvbnZlcnQiLCItcmVzaXplIDEwMjR4MTAyNFx1MDAzZSJdXQ.jpg?sha=b7a41e75ab3ecb68,,,,,73.0,,,58.7,,,surrealism
Maquette for Bulal-chashm,Frank Stella,5640,"(American, 1936–2024)",(American),(1936),(2024),(male),October 1977,"Printed metal alloy sheets, wire mesh, and painted metal scraps","16 3/4 x 21 1/2 x 7 1/2"" (42.4 x 54.5 x 19 cm)",Fractional and promised gift of the artist,977.1979,Painting,Painting & Sculpture,1979-10-09,Y,80439,https://www.moma.org/collection/works/80439,https://www.moma.org/media/W1siZiIsIjIwOTUwOSJdLFsicCIsImNvbnZlcnQiLCItcmVzaXplIDEwMjR4MTAyNFx1MDAzZSJdXQ.jpg?sha=40688fa53607c53b,,,19.0,,42.4,,,54.5,,,minimalism
Maquette for Harēwa,Frank Stella,5640,"(American, 1936–2024)",(American),(1936),(2024),(male),October 1977,"Printed metal alloy sheets, wire mesh, and painted metal scraps","17 x 21 x 5"" (43.1 x 53.3 x 12.7 cm)",Fractional and promised gift of the artist,978.1979,Painting,Painting & Sculpture,1979-10-09,Y,80440,https://www.moma.org/collection/works/80440,https://www.moma.org/media/W1siZiIsIjIwOTUxMCJdLFsicCIsImNvbnZlcnQiLCItcmVzaXplIDEwMjR4MTAyNFx1MDAzZSJdXQ.jpg?sha=2427da3caf4fe5eb,,,12.7,,43.1,,,53.3,,,minimalism
Maquette for Jungli kowwa,Frank Stella,5640,"(American, 1936–2024)",(American),(1936),(2024),(male),1977,"Printed metal alloy sheets, wire mesh, and painted metal scraps","16 3/8 x 19 5/8 x 7 7/8"" (41.1 x 49.9 x 20.1 cm)",Fractional and promised gift of the artist,979.1979,Painting,Painting & Sculpture,1979-10-09,Y,80441,https://www.moma.org/collection/works/80441,https://www.moma.org/media/W1siZiIsIjIyMTcxNSJdLFsicCIsImNvbnZlcnQiLCItcmVzaXplIDEwMjR4MTAyNFx1MDAzZSJdXQ.jpg?sha=e62fa333d0e062da,,,20.1,,41.1,,,49.9,,,minimalism
Maquette for Kastūra,Frank Stella,5640,"(American, 1936–2024)",(American),(1936),(2024),(male),October 1977,"Printed metal alloy sheets, wire mesh, and painted metal scraps","21 1/2 x 16 3/8 x 8"" (54.6 x 41.6 x 20.3 cm)",Fractional and promised gift of the artist,980.1979,Painting,Painting & Sculpture,1979-10-09,Y,80442,https://www.moma.org/collection/works/80442,https://www.moma.org/media/W1siZiIsIjIwOTUxMSJdLFsicCIsImNvbnZlcnQiLCItcmVzaXplIDEwMjR4MTAyNFx1MDAzZSJdXQ.jpg?sha=834f4fdb7a3c6e3c,,,20.3,,54.6,,,41.6,,,minimalism
Maquette for Khar-pidda,Frank Stella,5640,"(American, 1936–2024)",(American),(1936),(2024),(male),October 1977,"Printed metal alloy sheets, wire mesh, and metal scraps with crayon","21 3/4 x 16 1/8 x 5 1/4"" (55.2 x 41 x 13 cm)",Fractional and promised gift of the artist,981.1979,Painting,Painting & Sculpture,1979-10-09,Y,80443,https://www.moma.org/collection/works/80443,https://www.moma.org/media/W1siZiIsIjU0NDkzNSJdLFsicCIsImNvbnZlcnQiLCItcmVzaXplIDEwMjR4MTAyNFx1MDAzZSJdXQ.jpg?sha=a292ccb8c5ed39af,,,13.0,,55.2,,,41.0,,,minimalism
Maquette for Maha-lat,Frank Stella,5640,"(American, 1936–2024)",(American),(1936),(2024),(male),October 1977,Aluminum,"15 5/8 x 20 5/8 x 7 1/4"" (33 x 50.7 x 18.2 cm)",Fractional and promised gift of the artist,983.1979,Painting,Painting & Sculpture,1979-10-09,Y,80444,https://www.moma.org/collection/works/80444,https://www.moma.org/media/W1siZiIsIjIwOTUxMyJdLFsicCIsImNvbnZlcnQiLCItcmVzaXplIDEwMjR4MTAyNFx1MDAzZSJdXQ.jpg?sha=12b2fb207f054499,,,18.2,,33.0,,,509.7,,,minimalism
Maquette for Maha-lat,Frank Stella,5640,"(American, 1936–2024)",(American),(1936),(2024),(male),October 1977,"Printed metal alloy sheets, wire mesh, and metal scraps with crayon","15 1/2 x 20 1/2 x 7 3/4"" (39.4 x 52 x 19.7 cm)",Fractional and promised gift of the artist,984.1979,Painting,Painting & Sculpture,1979-10-09,Y,80445,https://www.moma.org/collection/works/80445,https://www.moma.org/media/W1siZiIsIjIwOTUxNCJdLFsicCIsImNvbnZlcnQiLCItcmVzaXplIDEwMjR4MTAyNFx1MDAzZSJdXQ.jpg?sha=cf802fafba483d5f,,,19.7,,39.4,,,52.0,,,minimalism
Maquette for Pachanak,Frank Stella,5640,"(American, 1936–2024)",(American),(1936),(2024),(male),October 1977,"Printed metal alloy sheets, wire mesh, and metal scraps with crayon","17 x 22 1/4 x 6 5/8"" (43.1 x 56.4 x 16.7 cm)",Fractional and promised gift of the artist,985.1979,Painting,Painting & Sculpture,1979-10-09,Y,80446,https://www.moma.org/collection/works/80446,https://www.moma.org/media/W1siZiIsIjUyMDk3NSJdLFsicCIsImNvbnZlcnQiLCItcmVzaXplIDEwMjR4MTAyNFx1MDAzZSJdXQ.jpg?sha=ee097e34e56b143a,,,16.7,,43.1,,,56.4,,,minimalism
Maquette for Rām gangra,Frank Stella,5640,"(American, 1936–2024)",(American),(1936),(2024),(male),1977,"Printed metal alloy sheets, wire mesh, and metal scraps with crayon","20 1/4 x 16 1/2 x 6 1/2"" (51.4 x 41.9 x 16.5 cm)",Fractional and promised gift of the artist,986.1979,Painting,Painting & Sculpture,1979-10-09,Y,80448,https://www.moma.org/collection/works/80448,,,,16.5,,51.4,,,41.9,,,minimalism
Maquette for Sāt-bhāi,Frank Stella,5640,"(American, 1936–2024)",(American),(1936),(2024),(male),October 1977,"Printed metal alloy sheets, wire mesh and metal scraps with crayon","20 1/2 x 15 x 7 1/2"" (52.1 x 38 x 19.1 cm)",Fractional and promised gift of the artist,987.1979,Painting,Painting & Sculpture,1979-10-09,Y,80450,https://www.moma.org/collection/works/80450,https://www.moma.org/media/W1siZiIsIjUyMDk3NiJdLFsicCIsImNvbnZlcnQiLCItcmVzaXplIDEwMjR4MTAyNFx1MDAzZSJdXQ.jpg?sha=f7a44d2455e39387,,,19.1,,52.1,,,38.0,,,minimalism
Maquette for Shāma,Frank Stella,5640,"(American, 1936–2024)",(American),(1936),(2024),(male),October 1977,"Printed metal alloy sheets, wire mesh, and metal scraps with crayon","13 7/8 x 24 x 5"" (35.2 x 60.9 x 12.7 cm)",Fractional and promised gift of the artist,988.1979,Painting,Painting & Sculpture,1979-10-09,Y,80451,https://www.moma.org/collection/works/80451,https://www.moma.org/media/W1siZiIsIjUyMDk3NyJdLFsicCIsImNvbnZlcnQiLCItcmVzaXplIDEwMjR4MTAyNFx1MDAzZSJdXQ.jpg?sha=4a3370c2d47532fd,,,12.7,,35.2,,,60.9,,,minimalism
Maquette for Shoubeegi,Frank Stella,5640,"(American, 1936–2024)",(American),(1936),(2024),(male),October 1977,"Printed metal alloy sheets, wire mesh, and painted metal scraps","17 3/4 x 28 1/8 x 4 1/4"" (45.1 x 71.6 x 10.8 cm)",Fractional and promised gift of the artist,989.1979,Painting,Painting & Sculpture,1979-10-09,Y,80452,https://www.moma.org/collection/works/80452,https://www.moma.org/media/W1siZiIsIjUyMDk3OCJdLFsicCIsImNvbnZlcnQiLCItcmVzaXplIDEwMjR4MTAyNFx1MDAzZSJdXQ.jpg?sha=2f0266f39b7a0ad3,,,10.8,,45.1,,,71.6,,,minimalism
Maquette for Thirthira,Frank Stella,5640,"(American, 1936–2024)",(American),(1936),(2024),(male),October 1977,"Printed metal alloy sheets, wire mesh, and painted metal scraps","18 x 21 3/4 x 6 3/4"" (45.7 x 55.1 x 17.2 cm)",Fractional and promised gift of the artist,990.1979,Painting,Painting & Sculpture,1979-10-09,Y,80454,https://www.moma.org/collection/works/80454,https://www.moma.org/media/W1siZiIsIjUyMDk3OSJdLFsicCIsImNvbnZlcnQiLCItcmVzaXplIDEwMjR4MTAyNFx1MDAzZSJdXQ.jpg?sha=cffce23bfb2ab521,,,17.2,,45.7,,,55.1,,,minimalism
Colors for a Large Wall,Ellsworth Kelly,3048,"(American, 1923–2015)",(American),(1923),(2015),(male),1951,"Oil on canvas, sixty-four panels","7' 10 1/2"" x 7' 10 1/2"" (240 x 240 cm)",Gift of the artist,1067.1969.a-b,Painting,Painting & Sculpture,1969-12-09,Y,80528,https://www.moma.org/collection/works/80528,https://www.moma.org/media/W1siZiIsIjM5MTE4OCJdLFsicCIsImNvbnZlcnQiLCItcmVzaXplIDEwMjR4MTAyNFx1MDAzZSJdXQ.jpg?sha=29e0f568fdd8e7de,,,,,239.3,,,239.9,,,abstract art
Gare Montparnasse (The Melancholy of Departure),Giorgio de Chirico,1106,"(Italian, born Greece. 1888–1978)",(Italian),(1888),(1978),(male),"Paris, early 1914",Oil on canvas,"55 1/8"" x 6' 5/8"" (140 x 184.5 cm)",Gift of James Thrall Soby,1077.1969,Painting,Painting & Sculpture,1970-02-10,Y,80538,https://www.moma.org/collection/works/80538,https://www.moma.org/media/W1siZiIsIjE1MDk2MSJdLFsicCIsImNvbnZlcnQiLCItcmVzaXplIDEwMjR4MTAyNFx1MDAzZSJdXQ.jpg?sha=9484a7b84cc645bd,,,,,140.0,,,184.5,,,metaphysical painting
Great Metaphysical Interior,Giorgio de Chirico,1106,"(Italian, born Greece. 1888–1978)",(Italian),(1888),(1978),(male),"Ferrara, April-August 1917",Oil on canvas,"37 3/4 x 27 3/4"" (95.9 x 70.5 cm)",Gift of James Thrall Soby,1078.1969,Painting,Painting & Sculpture,1970-02-10,Y,80539,https://www.moma.org/collection/works/80539,https://www.moma.org/media/W1siZiIsIjMyNDc0NCJdLFsicCIsImNvbnZlcnQiLCItcmVzaXplIDEwMjR4MTAyNFx1MDAzZSJdXQ.jpg?sha=be4851bb9d272e1d,,,,,95.9,,,70.5,,,metaphysical painting
"Gifts for ""J.""",Paul Klee,3130,"(German, born Switzerland. 1879–1940)",(German),(1879),(1940),(male),1928,"Oil, ink, and gesso on canvas mounted on wood","15 3/4 x 22"" (40 x 55.9 cm)",Gift of James Thrall Soby,1092.1969,Painting,Painting & Sculpture,1970-02-10,Y,80554,https://www.moma.org/collection/works/80554,https://www.moma.org/media/W1siZiIsIjIxMTk3NiJdLFsicCIsImNvbnZlcnQiLCItcmVzaXplIDEwMjR4MTAyNFx1MDAzZSJdXQ.jpg?sha=90a4a727831c4182,,,,,40.0,,,55.9,,,surrealism
Still Life with Old Shoe,Joan Miró,4016,"(Spanish, 1893–1983)",(Spanish),(1893),(1983),(male),"Paris, January 24-May 29, 1937",Oil on canvas,"32 x 46"" (81.3 x 116.8 cm)",Gift of James Thrall Soby,1094.1969,Painting,Painting & Sculpture,1970-02-10,Y,80555,https://www.moma.org/collection/works/80555,https://www.moma.org/media/W1siZiIsIjEzMzM4OCJdLFsicCIsImNvbnZlcnQiLCItcmVzaXplIDEwMjR4MTAyNFx1MDAzZSJdXQ.jpg?sha=5ceb886bdd3464d7,,,,,81.3,,,116.8,,,surrealism
Open Number 24 in Variations of Orange,Robert Motherwell,4126,"(American, 1915–1991)",(American),(1915),(1991),(male),1968,Synthetic polymer paint and charcoal on canvas,"6' 9"" x 9' 7 1/8"" (205.6 x 292.3 cm)",Gift of the artist,1097.1969,Painting,Painting & Sculpture,1970-02-10,Y,80556,https://www.moma.org/collection/works/80556,https://www.moma.org/media/W1siZiIsIjE1MDk2OCJdLFsicCIsImNvbnZlcnQiLCItcmVzaXplIDEwMjR4MTAyNFx1MDAzZSJdXQ.jpg?sha=9d085bd7c9072bbd,,,,,205.6,,,292.3,,,abstract expressionism
"Number 43 (Abstract Painting, Yellow)",Ad Reinhardt,4856,"(American, 1913–1967)",(American),(1913),(1967),(male),1947,Oil on canvas,"40 1/8 x 32"" (101.7 x 81.2 cm)",Given anonymously,1101.1969,Painting,Painting & Sculpture,1970-02-10,Y,80559,https://www.moma.org/collection/works/80559,https://www.moma.org/media/W1siZiIsIjIwOTU1NiJdLFsicCIsImNvbnZlcnQiLCItcmVzaXplIDEwMjR4MTAyNFx1MDAzZSJdXQ.jpg?sha=e29082b0d368c6e8,,,,,101.7,,,81.2,,,abstract expressionism
Number 22,Ad Reinhardt,4856,"(American, 1913–1967)",(American),(1913),(1967),(male),1949,Oil on canvas,"50 x 20"" (127 x 50.6 cm)",Given anonymously,1102.1969,Painting,Painting & Sculpture,1970-02-10,Y,80560,https://www.moma.org/collection/works/80560,https://www.moma.org/media/W1siZiIsIjIwOTU1NyJdLFsicCIsImNvbnZlcnQiLCItcmVzaXplIDEwMjR4MTAyNFx1MDAzZSJdXQ.jpg?sha=2250805e46e17e6e,,,,,127.0,,,50.6,,,abstract expressionism
Number 111,Ad Reinhardt,4856,"(American, 1913–1967)",(American),(1913),(1967),(male),1949,Oil on canvas,"60 x 40 1/8"" (152.3 x 101.8 cm)",Given anonymously,1103.1969,Painting,Painting & Sculpture,1970-02-10,Y,80561,https://www.moma.org/collection/works/80561,https://www.moma.org/media/W1siZiIsIjE2OTk5NCJdLFsicCIsImNvbnZlcnQiLCItcmVzaXplIDEwMjR4MTAyNFx1MDAzZSJdXQ.jpg?sha=063139a5e23abced,,,,,152.3,,,101.8,,,abstract expressionism
No. 5/No. 24,Mark Rothko,5047,"(American, born Russia (now Latvia). 1903–1970)",(American),(1903),(1970),(male),1948,Oil on canvas,"34 x 50 1/4"" (86.1 x 127.6 cm)",Gift of the artist,1106.1969,Painting,Painting & Sculpture,1970-02-10,Y,80564,https://www.moma.org/collection/works/80564,https://www.moma.org/media/W1siZiIsIjE1MDk3MiJdLFsicCIsImNvbnZlcnQiLCItcmVzaXplIDEwMjR4MTAyNFx1MDAzZSJdXQ.jpg?sha=aaee8f08aac7c35b,"""MoMA, Floor 4, 403""",,,,86.1,,,127.6,,,abstract expressionism
No. 1 (Untitled),Mark Rothko,5047,"(American, born Russia (now Latvia). 1903–1970)",(American),(1903),(1970),(male),1948,Oil on canvas,"8' 10 3/8"" x 9' 9 1/4"" (270.2 x 297.8 cm)",Gift of the artist,1107.1969,Painting,Painting & Sculpture,1970-02-10,Y,80565,https://www.moma.org/collection/works/80565,https://www.moma.org/media/W1siZiIsIjE1MDk3MyJdLFsicCIsImNvbnZlcnQiLCItcmVzaXplIDEwMjR4MTAyNFx1MDAzZSJdXQ.jpg?sha=269f35dfa7dbcd95,"""MoMA, Floor 4, 403""",,,,270.2,,,297.8,,,abstract expressionism
No. 5/No.  22,Mark Rothko,5047,"(American, born Russia (now Latvia). 1903–1970)",(American),(1903),(1970),(male),1950 (dated on reverse 1949),Oil on canvas,"9' 9"" x 8' 11 1/8"" (297 x 272 cm)",Gift of the artist,1108.1969,Painting,Painting & Sculpture,1970-02-10,Y,80566,https://www.moma.org/collection/works/80566,https://www.moma.org/media/W1siZiIsIjIwMzM2OSJdLFsicCIsImNvbnZlcnQiLCItcmVzaXplIDEwMjR4MTAyNFx1MDAzZSJdXQ.jpg?sha=b18c39b444e7ec52,,,,,297.0,,,292.0,,,abstract expressionism
Vite! Vite!,Yves Tanguy,5804,"(American, born France. 1900–1955)",(American),(1900),(1955),(male),1926,Oil on wood,"6 5/8 x 39 1/4"" (16.6 x 99.7 cm)",Kay Sage Tanguy Bequest,1133.1964,Painting,Painting & Sculpture,,Y,80572,https://www.moma.org/collection/works/80572,https://www.moma.org/media/W1siZiIsIjIzMjgwNCJdLFsicCIsImNvbnZlcnQiLCItcmVzaXplIDEwMjR4MTAyNFx1MDAzZSJdXQ.jpg?sha=3e7947f946d2f2c6,,,,,16.8,,,99.7,,,surrealism
Untitled (Western Scene),Jackson Pollock,4675,"(American, 1912–1956)",(American),(1912),(1956),(male),c. 1930-33,Oil and crayon on wooden cigar box,"6 1/2 x 9 1/8 x 2 3/4"" (16.5 x 23.1 x  6.8 cm)",Gift of Edwin A. Bergman,1141.1969,Painting,Painting & Sculpture,1970-02-10,Y,80575,https://www.moma.org/collection/works/80575,https://www.moma.org/media/W1siZiIsIjU1MzA2NyJdLFsicCIsImNvbnZlcnQiLCItcmVzaXplIDEwMjR4MTAyNFx1MDAzZSJdXQ.jpg?sha=c15ebc5fc7291884,"""MoMA, Floor 5, 509""",,7.0,,16.5,,,23.2,,,abstract expressionism
Ten-Foot Flowers,Andy Warhol,6246,"(American, 1928–1987)",(American),(1928),(1987),(male),1967,Silkscreen ink on synthetic polymer paint on canvas,"9' 7"" x 9' 7"" (292.2 x 292.2 cm)","Nina and Gordon Bunshaft Bequest Fund, Blanchette Hooker Rockefeller Fund (by exchange) and the Committee on Painting and Sculpture Funds",1149.2001,Painting,Painting & Sculpture,2001-02-12,Y,80577,https://www.moma.org/collection/works/80577,https://www.moma.org/media/W1siZiIsIjE1MDk3OSJdLFsicCIsImNvbnZlcnQiLCItcmVzaXplIDEwMjR4MTAyNFx1MDAzZSJdXQ.jpg?sha=7babfd38d3fa16ea,,,,,292.2,,,292.2,,,pop art
The Enigma of a Day,Giorgio de Chirico,1106,"(Italian, born Greece. 1888–1978)",(Italian),(1888),(1978),(male),"Paris, early 1914",Oil on canvas,"6' 1 1/4"" x 55"" (185.5 x 139.7 cm)",James Thrall Soby Bequest,1211.1979,Painting,Painting & Sculpture,1979-12-11,Y,80587,https://www.moma.org/collection/works/80587,https://www.moma.org/media/W1siZiIsIjQ3NjkwMCJdLFsicCIsImNvbnZlcnQiLCItcmVzaXplIDEwMjR4MTAyNFx1MDAzZSJdXQ.jpg?sha=3d107f3ec17ca1db,,,,,185.5,,,139.7,,,metaphysical painting
The Duo,Giorgio de Chirico,1106,"(Italian, born Greece. 1888–1978)",(Italian),(1888),(1978),(male),"Paris, winter 1914-15",Oil on canvas,"32 1/4 x 23 1/4"" (81.9 x 59 cm)",James Thrall Soby Bequest,1213.1979,Painting,Painting & Sculpture,1979-12-11,Y,80588,https://www.moma.org/collection/works/80588,https://www.moma.org/media/W1siZiIsIjE1MDk5NCJdLFsicCIsImNvbnZlcnQiLCItcmVzaXplIDEwMjR4MTAyNFx1MDAzZSJdXQ.jpg?sha=9a0f4fd44725f543,"""MoMA, Floor 5, 517""",,,,81.9,,,59.0,,,metaphysical painting
The Seer,Giorgio de Chirico,1106,"(Italian, born Greece. 1888–1978)",(Italian),(1888),(1978),(male),"Paris, winter 1914-15",Oil on canvas,"35 1/2 x 27 1/2"" (89.6 x 70.1 cm)",James Thrall Soby Bequest,1214.1979,Painting,Painting & Sculpture,1979-12-11,Y,80589,https://www.moma.org/collection/works/80589,https://www.moma.org/media/W1siZiIsIjQ1NzQxMCJdLFsicCIsImNvbnZlcnQiLCItcmVzaXplIDEwMjR4MTAyNFx1MDAzZSJdXQ.jpg?sha=c72bb817e4be1247,,,,,89.6,,,70.1,,,metaphysical painting
The Amusements of a Young Girl,Giorgio de Chirico,1106,"(Italian, born Greece. 1888–1978)",(Italian),(1888),(1978),(male),late 1915,Oil on canvas,"18 3/4 x 16"" (47.5 x 40.3 cm)",James Thrall Soby Bequest,1215.1979,Painting,Painting & Sculpture,1979-12-11,Y,80590,https://www.moma.org/collection/works/80590,https://www.moma.org/media/W1siZiIsIjMyMzE4MyJdLFsicCIsImNvbnZlcnQiLCItcmVzaXplIDEwMjR4MTAyNFx1MDAzZSJdXQ.jpg?sha=1d32efa8992007ed,,,,,47.5,,,40.3,,,metaphysical painting
The Faithful Servitor,Giorgio de Chirico,1106,"(Italian, born Greece. 1888–1978)",(Italian),(1888),(1978),(male),1916 or 1917,Oil on canvas,"15 1/8 x 13 5/8"" (38.2 x 34.5 cm)",James Thrall Soby Bequest,1216.1979,Painting,Painting & Sculpture,1979-12-11,Y,80591,https://www.moma.org/collection/works/80591,https://www.moma.org/media/W1siZiIsIjE1MDk5NyJdLFsicCIsImNvbnZlcnQiLCItcmVzaXplIDEwMjR4MTAyNFx1MDAzZSJdXQ.jpg?sha=52286f6897f0c51f,,,,,38.2,,,34.5,,,metaphysical painting
"My Cart, My Garden",Jean Dubuffet,1633,"(French, 1901–1985)",(French),(1901),(1985),(male),June 1955,Oil on canvas,"35 1/8 x 45 3/4"" (89.2 x 115.9 cm)",James Thrall Soby Bequest,1219.1979,Painting,Painting & Sculpture,1979-12-11,Y,80593,https://www.moma.org/collection/works/80593,https://www.moma.org/media/W1siZiIsIjE2ODYwNSJdLFsicCIsImNvbnZlcnQiLCItcmVzaXplIDEwMjR4MTAyNFx1MDAzZSJdXQ.jpg?sha=4b9cd8e27ca4d468,,,,,89.2,,,115.9,,,outsider art
Martigues,André Derain,1500,"(French, 1880–1954)",(French),(1880),(1954),(male),1908-09,Oil on canvas,"32 x 25 5/8"" (81.2 x 65.1 cm)",Mrs. George Hamlin Shaw and Loula D. Lasker Funds,1234.1964,Painting,Painting & Sculpture,1964-12-08,Y,80601,https://www.moma.org/collection/works/80601,,,,,,81.2,,,65.1,,,Cubism
Portrait of Mistress Mills in 1750,Joan Miró,4016,"(Spanish, 1893–1983)",(Spanish),(1893),(1983),(male),"Paris, winter-spring 1929",Oil on canvas,"46 x 35 1/4"" (116.7 x 89.6 cm)",James Thrall Soby Bequest,1236.1979,Painting,Painting & Sculpture,1979-12-11,Y,80603,https://www.moma.org/collection/works/80603,https://www.moma.org/media/W1siZiIsIjIzMjcxNCJdLFsicCIsImNvbnZlcnQiLCItcmVzaXplIDEwMjR4MTAyNFx1MDAzZSJdXQ.jpg?sha=f6e64f2eaceb00c1,,,,,116.7,,,89.6,,,surrealism
Self-Portrait I,Joan Miró,4016,"(Spanish, 1893–1983)",(Spanish),(1893),(1983),(male),"Paris, October 1937-March 1938","Pencil, crayon, and oil on canvas","57 1/2 x 38 1/4"" (146.1 x 97.2 cm)",James Thrall Soby Bequest,1238.1979,Painting,Painting & Sculpture,1979-12-11,Y,80604,https://www.moma.org/collection/works/80604,https://www.moma.org/media/W1siZiIsIjE1MTAwMCJdLFsicCIsImNvbnZlcnQiLCItcmVzaXplIDEwMjR4MTAyNFx1MDAzZSJdXQ.jpg?sha=d3c2350ebc44f4cf,,,,,146.1,,,97.2,,,surrealism
Nude Seated on a Rock,Pablo Picasso,4609,"(Spanish, 1881–1973)",(Spanish),(1881),(1973),(male),"Paris, summer 1921",Oil on wood,"6 1/4 x 4 3/8"" (15.8 x 11.1 cm)",James Thrall Soby Bequest,1242.1979,Painting,Painting & Sculpture,1979-12-11,Y,80609,https://www.moma.org/collection/works/80609,https://www.moma.org/media/W1siZiIsIjIxMjAwMiJdLFsicCIsImNvbnZlcnQiLCItcmVzaXplIDEwMjR4MTAyNFx1MDAzZSJdXQ.jpg?sha=3e25ec24bcc3c6ef,,,,,15.8,,,11.1,,,surrealism
The Sigh,Pablo Picasso,4609,"(Spanish, 1881–1973)",(Spanish),(1881),(1973),(male),"Paris, 1923",Oil and charcoal on canvas,"23 3/4 x 19 3/4"" (60.3 x 50.2 cm)",James Thrall Soby Bequest,1243.1979,Painting,Painting & Sculpture,1979-12-11,Y,80611,https://www.moma.org/collection/works/80611,https://www.moma.org/media/W1siZiIsIjE1MTAwMyJdLFsicCIsImNvbnZlcnQiLCItcmVzaXplIDEwMjR4MTAyNFx1MDAzZSJdXQ.jpg?sha=ba02d64571b878de,,,,,60.3,,,50.2,,,surrealism
The Mood of Now,Yves Tanguy,5804,"(American, born France. 1900–1955)",(American),(1900),(1955),(male),1928,Oil on canvas,"39 1/2 x 28 7/8"" (100.1 x 73.3 cm)",James Thrall Soby Bequest,1252.1979,Painting,Painting & Sculpture,1979-12-11,Y,80617,https://www.moma.org/collection/works/80617,https://www.moma.org/media/W1siZiIsIjE1NjM4NSJdLFsicCIsImNvbnZlcnQiLCItcmVzaXplIDEwMjR4MTAyNFx1MDAzZSJdXQ.jpg?sha=86715d5d902ecfbc,,,,,100.1,,,73.3,,,surrealism
Open No. 17: In Ultramarine with Charcoal Line,Robert Motherwell,4126,"(American, 1915–1991)",(American),(1915),(1991),(male),1968,Synthetic polymer paint and charcoal on canvas,"8' 3"" x 16' 9"" (251.4 x 510.3 cm)",Gift of the artist,1254.1969,Painting,Painting & Sculpture,1969-12-31,Y,80621,https://www.moma.org/collection/works/80621,https://www.moma.org/media/W1siZiIsIjE1MTAwNSJdLFsicCIsImNvbnZlcnQiLCItcmVzaXplIDEwMjR4MTAyNFx1MDAzZSJdXQ.jpg?sha=f8ad0776b6b4a8fc,,,,,251.4,,,510.3,,,abstract expressionism
The Furniture of Time,Yves Tanguy,5804,"(American, born France. 1900–1955)",(American),(1900),(1955),(male),1939,Oil on canvas,"46 x 35 1/4"" (116.7 x 89.4 cm)",James Thrall Soby Bequest,1256.1979,Painting,Painting & Sculpture,1979-12-11,Y,80625,https://www.moma.org/collection/works/80625,https://www.moma.org/media/W1siZiIsIjUyMDg2MyJdLFsicCIsImNvbnZlcnQiLCItcmVzaXplIDEwMjR4MTAyNFx1MDAzZSJdXQ.jpg?sha=604863d078fffbaa,,,,,116.7,,,89.4,,,surrealism
Pasiphae,André Masson,3821,"(French, 1896–1987)",(French),(1896),(1987),(male),1942,Oil and sand on canvas,"19 7/8 x 25 1/8"" (50.5 x 63.8 cm)",Gift of George and Joyce Wein and Emily Fisher Laudau Fund,1258.1999,Painting,Painting & Sculpture,1999-12-06,Y,80626,https://www.moma.org/collection/works/80626,https://www.moma.org/media/W1siZiIsIjE2MDUyNSJdLFsicCIsImNvbnZlcnQiLCItcmVzaXplIDEwMjR4MTAyNFx1MDAzZSJdXQ.jpg?sha=5ba47aa7d7b53f4a,,,,,50.5,,,63.8,,,surrealism
Place for Awakenings,Jean Dubuffet,1633,"(French, 1901–1985)",(French),(1901),(1985),(male),November 1960,"Pebbles, sand, and plastic paste on board","34 7/8 x 45 3/8"" (88.4 x 115.2 cm)",Gift of the artist in honor of Mr. and Mrs. Ralph F. Colin,1293.1968,Painting,Painting & Sculpture,1968-10-08,Y,80632,https://www.moma.org/collection/works/80632,https://www.moma.org/media/W1siZiIsIjE3MTE0OSJdLFsicCIsImNvbnZlcnQiLCItcmVzaXplIDEwMjR4MTAyNFx1MDAzZSJdXQ.jpg?sha=20f90111fe02c186,,,,,88.4,,,115.2,,,outsider art
New England Elegy 2,Robert Motherwell,4126,"(American, 1915–1991)",(American),(1915),(1991),(male),September 1965-February 1966,Acrylic on canvas,"6' 10"" x 11' 7"" (208.3 x 351.1 cm)","Gift of S. I. Newhouse, Jr.",1308.1968,Painting,Painting & Sculpture,1968-10-08,Y,80635,https://www.moma.org/collection/works/80635,https://www.moma.org/media/W1siZiIsIjE1MTAxMyJdLFsicCIsImNvbnZlcnQiLCItcmVzaXplIDEwMjR4MTAyNFx1MDAzZSJdXQ.jpg?sha=08351a828f7cf939,,,,,208.3,,,351.1,,,abstract expressionism
Card Trick,André Masson,3821,"(French, 1896–1987)",(French),(1896),(1987),(male),1923,Oil on canvas,"28 3/4 x 19 3/4"" (73 x 50.2 cm)",Gift of Mr. and Mrs. Archibald MacLeish,1348.1974,Painting,Painting & Sculpture,1974-12-07,Y,80642,https://www.moma.org/collection/works/80642,https://www.moma.org/media/W1siZiIsIjIwOTU5NSJdLFsicCIsImNvbnZlcnQiLCItcmVzaXplIDEwMjR4MTAyNFx1MDAzZSJdXQ.jpg?sha=44177ffb57051516,,,,,73.0,,,50.2,,,surrealism
Landscape,Pablo Picasso,4609,"(Spanish, 1881–1973)",(Spanish),(1881),(1973),(male),"La Rue des Bois or Paris, August or September 1908",Oil on canvas,"39 5/8 x 32"" (100.8 x 81.3 cm)",Gift of Mr. and Mrs. David Rockefeller,1413.1974,Painting,Painting & Sculpture,1975-02-11,Y,80660,https://www.moma.org/collection/works/80660,https://www.moma.org/media/W1siZiIsIjE1MTAyNyJdLFsicCIsImNvbnZlcnQiLCItcmVzaXplIDEwMjR4MTAyNFx1MDAzZSJdXQ.jpg?sha=b8625253d6d48767,"""MoMA, Floor 5, 503""",,,,100.8,,,81.3,,,surrealism
Grand Jazz Band (New Orleans),Jean Dubuffet,1633,"(French, 1901–1985)",(French),(1901),(1985),(male),December 1944,Oil and tempera on canvas,"45 1/8 x 57 3/4"" (114.6 x 146.7 cm)",Gift of Nina and Gordon Bunshaft,1515.1968,Painting,Painting & Sculpture,1968-12-10,Y,80669,https://www.moma.org/collection/works/80669,https://www.moma.org/media/W1siZiIsIjE1MTA0MCJdLFsicCIsImNvbnZlcnQiLCItcmVzaXplIDEwMjR4MTAyNFx1MDAzZSJdXQ.jpg?sha=3b6538a844271a01,,,,,114.6,,,146.7,,,outsider art
Composition with Color Planes 5,Piet Mondrian,4057,"(Dutch, 1872–1944)",(Dutch),(1872),(1944),(male),1917,Oil on canvas,"19 3/8 x 24 1/8"" (49 x 61.2 cm)",The Sidney and Harriet Janis Collection,1774.1967,Painting,Painting & Sculpture,1967-10-18,Y,80692,https://www.moma.org/collection/works/80692,https://www.moma.org/media/W1siZiIsIjI5MjQ0MSJdLFsicCIsImNvbnZlcnQiLCItcmVzaXplIDEwMjR4MTAyNFx1MDAzZSJdXQ.jpg?sha=a05d1458a6013268,"""MoMA, Floor 5, 508""",,,,49.0,,,61.2,,,Symbolism
Silkscreen for Portrait of Sidney Janis,Andy Warhol,6246,"(American, 1928–1987)",(American),(1928),(1987),(male),1967,"Photosensitive gelatin on silk, with wood frame","7' 11 1/8 x 6' 4"" (241.6 x 193.1 cm)",The Sidney and Harriet Janis Collection,2354.1967,Painting,Painting & Sculpture,1967-10-18,Y,80705,https://www.moma.org/collection/works/80705,https://www.moma.org/media/W1siZiIsIjE2MjA0NCJdLFsicCIsImNvbnZlcnQiLCItcmVzaXplIDEwMjR4MTAyNFx1MDAzZSJdXQ.jpg?sha=f4d8fe21c343ff81,,,,,241.6,,,193.1,,,pop art
Seven Decades of Janis,Andy Warhol,6246,"(American, 1928–1987)",(American),(1928),(1987),(male),1967,Synthetic polymer paint and silkscreen ink on eight canvases,"Each canvas 8 1/8 x 8 1/8"" (20.6 x 20.6 cm), overall 16 1/4 x 32 3/8"" (41.3 x 82.2 cm)",The Sidney and Harriet Janis Collection,2355.1967.a-h,Painting,Painting & Sculpture,1967-10-18,Y,80706,https://www.moma.org/collection/works/80706,https://www.moma.org/media/W1siZiIsIjE1MTE0MCJdLFsicCIsImNvbnZlcnQiLCItcmVzaXplIDEwMjR4MTAyNFx1MDAzZSJdXQ.jpg?sha=a679ef2b2fc9cf42,,,,,20.6,,,20.6,,,pop art
Double Elvis,Andy Warhol,6246,"(American, 1928–1987)",(American),(1928),(1987),(male),1963,Silkscreen ink on acrylic on canvas,"6' 11"" x 53"" (210.8 x 134.6 cm)",Gift of the Jerry and Emily Spiegel Family Foundation in honor of Kirk Varnedoe,2480.2001,Painting,Painting & Sculpture,2001-11-12,Y,82343,https://www.moma.org/collection/works/82343,https://www.moma.org/media/W1siZiIsIjQwMTIwMSJdLFsicCIsImNvbnZlcnQiLCItcmVzaXplIDEwMjR4MTAyNFx1MDAzZSJdXQ.jpg?sha=e49f07d7a64cd3aa,,,,,210.8204,,,134.6203,,,pop art
Tire,Roy Lichtenstein,3542,"(American, 1923–1997)",(American),(1923),(1997),(male),1962,Oil on canvas,"68 x 58"" (172.7 x 147.3 cm)",Fractional gift of Mr. and Mrs. Donald G. Fisher in honor of Kirk Varnedoe,2471.2001,Painting,Painting & Sculpture,2001-11-12,Y,82377,https://www.moma.org/collection/works/82377,https://www.moma.org/media/W1siZiIsIjQyNjIwOCJdLFsicCIsImNvbnZlcnQiLCItcmVzaXplIDEwMjR4MTAyNFx1MDAzZSJdXQ.jpg?sha=1dbbbd09a95740fa,,,,,172.7203,,,147.3203,,,pop art
In the Studio,Philip Guston,2419,"(American, born Canada. 1913–1980)",(American),(1913),(1980),(male),1975,Oil on canvas,"6' 10"" x 6' 7"" (208.3 x 200.7 cm)",Gift of UBS,99.2002,Painting,Painting & Sculpture,2002-04-08,Y,84182,https://www.moma.org/collection/works/84182,https://www.moma.org/media/W1siZiIsIjQwMzYzOCJdLFsicCIsImNvbnZlcnQiLCItcmVzaXplIDEwMjR4MTAyNFx1MDAzZSJdXQ.jpg?sha=a05e6ac546dced0a,,,,,208.2804,,,200.6604,,,abstract expressionism
Mirror #10,Roy Lichtenstein,3542,"(American, 1923–1997)",(American),(1923),(1997),(male),1970,Oil and magna on canvas,"24"" (61 cm) in diameter",Gift of UBS,101.2002,Painting,Painting & Sculpture,2002-04-08,Y,84184,https://www.moma.org/collection/works/84184,https://www.moma.org/media/W1siZiIsIjUyOTg5OCJdLFsicCIsImNvbnZlcnQiLCItcmVzaXplIDEwMjR4MTAyNFx1MDAzZSJdXQ.jpg?sha=ce5927283cd1f7de,,,,60.9601,,,,,,,pop art
Confus,Gerhard Richter,4907,"(German, born 1932)",(German),(1932),(0),(male),1986,Oil on canvas,"8' 6 1/2"" x 6' 6 3/4"" (260.4 x 200 cm)",Gift of UBS,104.2002,Painting,Painting & Sculpture,2002-04-08,Y,84187,https://www.moma.org/collection/works/84187,https://www.moma.org/media/W1siZiIsIjM5MDUyMiJdLFsicCIsImNvbnZlcnQiLCItcmVzaXplIDEwMjR4MTAyNFx1MDAzZSJdXQ.jpg?sha=957e52b31bb60623,,,,,260.3505,,,200.0254,,,capitalist realism
Helen,Gerhard Richter,4907,"(German, born 1932)",(German),(1932),(0),(male),1963,Oil and graphite on canvas,"42 3/4 x 39 1/8"" (108.6 x 99.4 cm)",Gift of UBS,105.2002,Painting,Painting & Sculpture,2002-04-08,Y,84188,https://www.moma.org/collection/works/84188,https://www.moma.org/media/W1siZiIsIjE1MDk1NSJdLFsicCIsImNvbnZlcnQiLCItcmVzaXplIDEwMjR4MTAyNFx1MDAzZSJdXQ.jpg?sha=1c9c017b43189413,,,,,108.5852,,,99.3777,,,capitalist realism
White Relief over White,Ellsworth Kelly,3048,"(American, 1923–2015)",(American),(1923),(2015),(male),2003,"Oil on canvas, two panels","10' x 70 1/8"" x 7 1/8"" (304.8 x 178.1 x 18.1 cm)","Gift of Kathy and Richard S. Fuld, Jr.",250.2003,Painting,Painting & Sculpture,2003-10-07,Y,88885,https://www.moma.org/collection/works/88885,https://www.moma.org/media/W1siZiIsIjUzMDU2MCJdLFsicCIsImNvbnZlcnQiLCItcmVzaXplIDEwMjR4MTAyNFx1MDAzZSJdXQ.jpg?sha=e9d0f87e8b7cb230,,,,,304.8006,,18.0975,178.1179,,,abstract art
Diver,Jasper Johns,2923,"(American, born 1930)",(American),(1930),(0),(male),1962-63,"Charcoal, pastel, and paint on paper mounted on canvas, two panels","7' 2 1/2"" x 71 3/4"" (219.7 x 182.2 cm)","Partial gift of Kate Ganz and Tony Ganz in memory of their parents, Victor and Sally Ganz, and in memory of Kirk Varnedoe; Mrs. John Hay Whitney Bequest Fund; gift of Edgar Kaufmann, Jr., gift of Philip L. Goodwin, bequest of Richard S. Zeisler, and anonymous gift (all by exchange). Acquired by the Trustees of The Museum of Modern Art in memory of Kirk Varnedoe",377.2003.a-b,Painting,Painting & Sculpture,2003-12-08,Y,89254,https://www.moma.org/collection/works/89254,https://www.moma.org/media/W1siZiIsIjE1MTMwMSJdLFsicCIsImNvbnZlcnQiLCItcmVzaXplIDEwMjR4MTAyNFx1MDAzZSJdXQ.jpg?sha=d127b1a818d6fd5a,,,,,291.7,,,182.2,,,Neo-Dada
Large Check: 1,Sherrie Levine,3515,"(American, born 1947)",(American),(1947),(0),(female),1987,Casein and wax on mahogany,"24 x 20"" (61 x 50.8 cm)",Purchase,28.2004.1,Painting,Painting & Sculpture,2004-03-09,Y,91002,https://www.moma.org/collection/works/91002,https://www.moma.org/media/W1siZiIsIjE1MTIzMSJdLFsicCIsImNvbnZlcnQiLCItcmVzaXplIDEwMjR4MTAyNFx1MDAzZSJdXQ.jpg?sha=6350104c9973408d,,,,,61.2776,,,51.1176,,,contemporary art
Large Check: 2,Sherrie Levine,3515,"(American, born 1947)",(American),(1947),(0),(female),1987,Casein and wax on mahogany,"24 x 20"" (61 x 50.8 cm)",Purchase,28.2004.2,Painting,Painting & Sculpture,2004-03-09,Y,91003,https://www.moma.org/collection/works/91003,https://www.moma.org/media/W1siZiIsIjE1MTIzMiJdLFsicCIsImNvbnZlcnQiLCItcmVzaXplIDEwMjR4MTAyNFx1MDAzZSJdXQ.jpg?sha=dcfecf4fc9342b43,,,,,61.1189,,,51.1176,,,contemporary art
Large Check: 3,Sherrie Levine,3515,"(American, born 1947)",(American),(1947),(0),(female),1987,Casein and wax on mahogany,"24 x 20"" (61 x 50.8 cm)",Purchase,28.2004.3,Painting,Painting & Sculpture,2004-03-09,Y,91004,https://www.moma.org/collection/works/91004,https://www.moma.org/media/W1siZiIsIjE1MTIzMyJdLFsicCIsImNvbnZlcnQiLCItcmVzaXplIDEwMjR4MTAyNFx1MDAzZSJdXQ.jpg?sha=fb41a72910518bb1,,,,,61.2776,,,50.9589,,,contemporary art
Large Check: 4,Sherrie Levine,3515,"(American, born 1947)",(American),(1947),(0),(female),1987,Casein and wax on mahogany,"24 x 20"" (61 x 50.8 cm)",Purchase,28.2004.4,Painting,Painting & Sculpture,2004-03-09,Y,91005,https://www.moma.org/collection/works/91005,https://www.moma.org/media/W1siZiIsIjE1MTIzNCJdLFsicCIsImNvbnZlcnQiLCItcmVzaXplIDEwMjR4MTAyNFx1MDAzZSJdXQ.jpg?sha=e1fa40ccc3f0b13e,,,,,61.2776,,,50.9589,,,contemporary art
Large Check: 5,Sherrie Levine,3515,"(American, born 1947)",(American),(1947),(0),(female),1987,Casein and wax on mahogany,"24 x 20"" (61 x 50.8 cm)",Purchase,28.2004.5,Painting,Painting & Sculpture,2004-03-09,Y,91006,https://www.moma.org/collection/works/91006,https://www.moma.org/media/W1siZiIsIjE1MTIzNSJdLFsicCIsImNvbnZlcnQiLCItcmVzaXplIDEwMjR4MTAyNFx1MDAzZSJdXQ.jpg?sha=ec73ef26fdaf003d,,,,,61.2776,,,50.9589,,,contemporary art
Large Check: 6,Sherrie Levine,3515,"(American, born 1947)",(American),(1947),(0),(female),1987,Casein and wax on mahogany,"24 x 20"" (61 x 50.8 cm)",Purchase,28.2004.6,Painting,Painting & Sculpture,2004-03-09,Y,91007,https://www.moma.org/collection/works/91007,https://www.moma.org/media/W1siZiIsIjE1MTIzNiJdLFsicCIsImNvbnZlcnQiLCItcmVzaXplIDEwMjR4MTAyNFx1MDAzZSJdXQ.jpg?sha=a4790a1a46e39601,,,,,60.9601,,,50.3239,,,contemporary art
Large Check: 7,Sherrie Levine,3515,"(American, born 1947)",(American),(1947),(0),(female),1987,Casein and wax on mahogany,"24 x 20"" (61 x 50.8 cm)",Purchase,28.2004.7,Painting,Painting & Sculpture,2004-03-09,Y,91008,https://www.moma.org/collection/works/91008,https://www.moma.org/media/W1siZiIsIjE1MTIzNyJdLFsicCIsImNvbnZlcnQiLCItcmVzaXplIDEwMjR4MTAyNFx1MDAzZSJdXQ.jpg?sha=33bbd8f669b53e7d,,,,,61.2776,,,50.8001,,,contemporary art
Large Check: 8,Sherrie Levine,3515,"(American, born 1947)",(American),(1947),(0),(female),1987,Casein and wax on mahogany,"24 x 20"" (61 x 50.8 cm)",Purchase,28.2004.8,Painting,Painting & Sculpture,2004-03-09,Y,91009,https://www.moma.org/collection/works/91009,https://www.moma.org/media/W1siZiIsIjE1MTIzOCJdLFsicCIsImNvbnZlcnQiLCItcmVzaXplIDEwMjR4MTAyNFx1MDAzZSJdXQ.jpg?sha=de967bc949c83444,,,,,61.2776,,,49.5301,,,contemporary art
Large Check: 9,Sherrie Levine,3515,"(American, born 1947)",(American),(1947),(0),(female),1987,Casein and wax on mahogany,"24 x 20"" (61 x 50.8 cm)",Purchase,28.2004.9,Painting,Painting & Sculpture,2004-03-09,Y,91011,https://www.moma.org/collection/works/91011,https://www.moma.org/media/W1siZiIsIjE1MTIzOSJdLFsicCIsImNvbnZlcnQiLCItcmVzaXplIDEwMjR4MTAyNFx1MDAzZSJdXQ.jpg?sha=9d34feb338b86254,,,,,61.2776,,,50.1651,,,contemporary art
Large Check: 10,Sherrie Levine,3515,"(American, born 1947)",(American),(1947),(0),(female),1987,Casein and wax on mahogany,"24 x 20"" (61 x 50.8 cm)",Purchase,28.2004.10,Painting,Painting & Sculpture,2004-03-09,Y,91012,https://www.moma.org/collection/works/91012,https://www.moma.org/media/W1siZiIsIjE1MTIyOCJdLFsicCIsImNvbnZlcnQiLCItcmVzaXplIDEwMjR4MTAyNFx1MDAzZSJdXQ.jpg?sha=798d4cfff1d7003e,,,,,61.2776,,,50.9589,,,contemporary art
Large Check: 11,Sherrie Levine,3515,"(American, born 1947)",(American),(1947),(0),(female),1987,Casein and wax on mahogany,"24 x 20"" (61 x 50.8 cm)",Purchase,28.2004.11,Painting,Painting & Sculpture,2004-03-09,Y,91013,https://www.moma.org/collection/works/91013,https://www.moma.org/media/W1siZiIsIjE1MTIyOSJdLFsicCIsImNvbnZlcnQiLCItcmVzaXplIDEwMjR4MTAyNFx1MDAzZSJdXQ.jpg?sha=b6529d6fdf8ea32d,,,,,61.2776,,,50.8001,,,contemporary art
Large Check: 12,Sherrie Levine,3515,"(American, born 1947)",(American),(1947),(0),(female),1987,Casein and wax on mahogany,"24 x 20"" (61 x 50.8 cm)",Purchase,28.2004.12,Painting,Painting & Sculpture,2004-03-09,Y,91015,https://www.moma.org/collection/works/91015,https://www.moma.org/media/W1siZiIsIjE1MTIzMCJdLFsicCIsImNvbnZlcnQiLCItcmVzaXplIDEwMjR4MTAyNFx1MDAzZSJdXQ.jpg?sha=a318a07debb78284,,,,,61.2776,,,50.9589,,,contemporary art
Meditation of the Painter,André Masson,3821,"(French, 1896–1987)",(French),(1896),(1987),(male),1943,Oil on canvas,"52 x 40"" (132.1 x 101.6 cm)",Bequest of Richard S. Zeisler,1454.2007,Painting,Painting & Sculpture,2009-02-11,Y,95077,https://www.moma.org/collection/works/95077,https://www.moma.org/media/W1siZiIsIjIwMDE5MiJdLFsicCIsImNvbnZlcnQiLCItcmVzaXplIDEwMjR4MTAyNFx1MDAzZSJdXQ.jpg?sha=bac1789da347f628,,,,,132.0803,,,101.6002,,,surrealism
He Did What He Wanted,Yves Tanguy,5804,"(American, born France. 1900–1955)",(American),(1900),(1955),(male),1927,Oil on canvas,"31 1/4 x 25 1/2"" (79.4 x 64.8 cm)",Bequest of Richard S. Zeisler,206.2008,Painting,Painting & Sculpture,2008-03-10,Y,95086,https://www.moma.org/collection/works/95086,https://www.moma.org/media/W1siZiIsIjE1MDkyMiJdLFsicCIsImNvbnZlcnQiLCItcmVzaXplIDEwMjR4MTAyNFx1MDAzZSJdXQ.jpg?sha=8bae8c06de71cafc,,,,,79.3752,,,64.7701,,,surrealism
Gladiators,Philip Guston,2419,"(American, born Canada. 1913–1980)",(American),(1913),(1980),(male),1940,Oil and pencil on canvas,"24 1/2 x 28 1/8"" (62.2 x 71.4 cm)",Gift of Edward R. Broida,701.2005,Painting,Painting & Sculpture,2005-10-06,Y,100241,https://www.moma.org/collection/works/100241,https://www.moma.org/media/W1siZiIsIjE1MTQ2NiJdLFsicCIsImNvbnZlcnQiLCItcmVzaXplIDEwMjR4MTAyNFx1MDAzZSJdXQ.jpg?sha=092d488077c75a71,,,,,62.2301,,,71.4376,,,abstract expressionism
Inhabiter,Philip Guston,2419,"(American, born Canada. 1913–1980)",(American),(1913),(1980),(male),1965,Oil on canvas,"6' 4 1/8"" x 6' 7 1/4"" (193.4 x 201.3 cm)",Gift of Edward R. Broida,709.2005,Painting,Painting & Sculpture,2005-10-06,Y,100248,https://www.moma.org/collection/works/100248,https://www.moma.org/media/W1siZiIsIjIwMzA5NiJdLFsicCIsImNvbnZlcnQiLCItcmVzaXplIDEwMjR4MTAyNFx1MDAzZSJdXQ.jpg?sha=8ff0124337ec2937,,,,,193.3579,,,201.2954,,,abstract expressionism
Edge of Town,Philip Guston,2419,"(American, born Canada. 1913–1980)",(American),(1913),(1980),(male),1969,Oil on canvas,"6' 5 1/8"" x 9' 2 1/2"" (195.6 x 280.7 cm)",Gift of Edward R. Broida,717.2005,Painting,Painting & Sculpture,2005-10-06,Y,100250,https://www.moma.org/collection/works/100250,https://www.moma.org/media/W1siZiIsIjE1ODE0MSJdLFsicCIsImNvbnZlcnQiLCItcmVzaXplIDEwMjR4MTAyNFx1MDAzZSJdXQ.jpg?sha=36747ce2f369cf6c,,,,,195.5804,,,280.6706,,,abstract expressionism
Deluge II,Philip Guston,2419,"(American, born Canada. 1913–1980)",(American),(1913),(1980),(male),1975,Oil on canvas,"6' 7 3/8"" x 9' 3"" (201.6 x 281.9 cm)",Gift of Edward R. Broida,722.2005,Painting,Painting & Sculpture,2005-10-06,Y,100253,https://www.moma.org/collection/works/100253,https://www.moma.org/media/W1siZiIsIjE0OTgzNiJdLFsicCIsImNvbnZlcnQiLCItcmVzaXplIDEwMjR4MTAyNFx1MDAzZSJdXQ.jpg?sha=1ae261bd8714f57d,,,,,201.6129,,,281.9406,,,abstract expressionism
Web,Philip Guston,2419,"(American, born Canada. 1913–1980)",(American),(1913),(1980),(male),1975,Oil on canvas,"67"" x 8' 1 1/4"" (170.2 x 247 cm)",Gift of Edward R. Broida,723.2005,Painting,Painting & Sculpture,2005-10-06,Y,100254,https://www.moma.org/collection/works/100254,https://www.moma.org/media/W1siZiIsIjE1OTIzMCJdLFsicCIsImNvbnZlcnQiLCItcmVzaXplIDEwMjR4MTAyNFx1MDAzZSJdXQ.jpg?sha=bb26322cd02deda9,,,,,170.1803,,,247.0155,,,abstract expressionism
Cherries,Philip Guston,2419,"(American, born Canada. 1913–1980)",(American),(1913),(1980),(male),1976,Oil on canvas,"68 5/8 x 9' 8 5/8"" (174.3 x 296.2 cm)",Gift of Edward R. Broida in honor of Glenn D. Lowry,724.2005,Painting,Painting & Sculpture,2005-10-06,Y,100255,https://www.moma.org/collection/works/100255,https://www.moma.org/media/W1siZiIsIjI1NTg0MyJdLFsicCIsImNvbnZlcnQiLCItcmVzaXplIDEwMjR4MTAyNFx1MDAzZSJdXQ.jpg?sha=f07146911a5c7267,,,,,174.3078,,,296.2281,,,abstract expressionism
Green Rug,Philip Guston,2419,"(American, born Canada. 1913–1980)",(American),(1913),(1980),(male),1976,Oil on canvas,"7' 10"" x 68 1/2"" (238.8 x 174 cm)",Gift of Edward R. Broida in honor of Ann Temkin,725.2005,Painting,Painting & Sculpture,2005-10-06,Y,100256,https://www.moma.org/collection/works/100256,https://www.moma.org/media/W1siZiIsIjE0OTgzNyJdLFsicCIsImNvbnZlcnQiLCItcmVzaXplIDEwMjR4MTAyNFx1MDAzZSJdXQ.jpg?sha=dda145b238e7434d,,,,,238.7605,,,173.9903,,,abstract expressionism
Source,Philip Guston,2419,"(American, born Canada. 1913–1980)",(American),(1913),(1980),(male),1976,Oil on canvas,"6' 3"" x 9' 9"" (190.5 x 297.2 cm)",Gift of Edward R. Broida in honor of Uncle Sidney Feldman,726.2005,Painting,Painting & Sculpture,2005-10-06,Y,100257,https://www.moma.org/collection/works/100257,https://www.moma.org/media/W1siZiIsIjEwMDg5NSJdLFsicCIsImNvbnZlcnQiLCItcmVzaXplIDEwMjR4MTAyNFx1MDAzZSJdXQ.jpg?sha=22fb59edaad32f90,,,,,190.5004,,,297.1806,,,abstract expressionism
Talking,Philip Guston,2419,"(American, born Canada. 1913–1980)",(American),(1913),(1980),(male),1979,Oil on canvas,"68 1/8"" x 6' 6 1/4"" (173 x 198.8 cm)",Gift of Edward R. Broida,727.2005,Painting,Painting & Sculpture,2005-10-06,Y,100272,https://www.moma.org/collection/works/100272,https://www.moma.org/media/W1siZiIsIjE1MTQ3NiJdLFsicCIsImNvbnZlcnQiLCItcmVzaXplIDEwMjR4MTAyNFx1MDAzZSJdXQ.jpg?sha=64d513eca3be41b1,,,,,173.0378,,,198.7554,,,abstract expressionism
Head,Philip Guston,2419,"(American, born Canada. 1913–1980)",(American),(1913),(1980),(male),1968,Oil on board,"18 x 20"" (45.7 x 50.8 cm)",Gift of Edward R. Broida,715.2005,Painting,Painting & Sculpture,2005-10-06,Y,100274,https://www.moma.org/collection/works/100274,https://www.moma.org/media/W1siZiIsIjMwMzk5NCJdLFsicCIsImNvbnZlcnQiLCItcmVzaXplIDEwMjR4MTAyNFx1MDAzZSJdXQ.jpg?sha=c09c1e6e2e052842,,,,,45.7201,,,50.8001,,,abstract expressionism
Painter in Bed,Philip Guston,2419,"(American, born Canada. 1913–1980)",(American),(1913),(1980),(male),1973,Oil on canvas,"59 5/8"" x 8' 8 1/4"" (151.4 x 264.8 cm)",Gift of Edward R. Broida,719.2005,Painting,Painting & Sculpture,2005-10-06,Y,100276,https://www.moma.org/collection/works/100276,https://www.moma.org/media/W1siZiIsIjMwODMzMyJdLFsicCIsImNvbnZlcnQiLCItcmVzaXplIDEwMjR4MTAyNFx1MDAzZSJdXQ.jpg?sha=2b7d1ef355e30d94,,,,,151.4478,,,264.7955,,,abstract expressionism
The Table (Still Life with Fan),Georges Braque,744,"(French, 1882–1963)",(French),(1882),(1963),(male),"L'Estaque or Paris, fall 1910",Oil on canvas,"15 x 21 3/4"" (38 x 55.3 cm)",Anonymous gift and bequest of Florene May Schoenborn (by exchange),358.2006,Painting,Painting & Sculpture,2006-05-08,Y,102385,https://www.moma.org/collection/works/102385,https://www.moma.org/media/W1siZiIsIjQ2ODM3MCJdLFsicCIsImNvbnZlcnQiLCItcmVzaXplIDEwMjR4MTAyNFx1MDAzZSJdXQ.jpg?sha=7f467a61fbc8bca9,"""MoMA, Floor 5, 503""",,,,38.1001,,,55.2451,,,Cubism
Forest (2),Gerhard Richter,4907,"(German, born 1932)",(German),(1932),(0),(male),2005,Oil on canvas,"77 5/8 x 52"" (197.2 x 132.1 cm)",Gift of Warren and Mitzi Eisenberg and Leonard and Susan Feinstein,213.2006.2,Painting,Painting & Sculpture,2006-02-13,Y,102407,https://www.moma.org/collection/works/102407,https://www.moma.org/media/W1siZiIsIjE1OTE5NSJdLFsicCIsImNvbnZlcnQiLCItcmVzaXplIDEwMjR4MTAyNFx1MDAzZSJdXQ.jpg?sha=c66b5cd14e678e9e,,,,,197.1679,,,132.0803,,,capitalist realism
Forest (5),Gerhard Richter,4907,"(German, born 1932)",(German),(1932),(0),(male),2005,Oil on canvas,"77 5/8 x 52"" (197.2 x 132.1 cm)",Gift of Warren and Mitzi Eisenberg and Leonard and Susan Feinstein,213.2006.5,Painting,Painting & Sculpture,2006-02-13,Y,102410,https://www.moma.org/collection/works/102410,https://www.moma.org/media/W1siZiIsIjE1OTE5NiJdLFsicCIsImNvbnZlcnQiLCItcmVzaXplIDEwMjR4MTAyNFx1MDAzZSJdXQ.jpg?sha=edcc4640acec7542,,,,,197.1679,,,132.0803,,,capitalist realism
Forest (6),Gerhard Richter,4907,"(German, born 1932)",(German),(1932),(0),(male),2005,Oil on canvas,"77 5/8 x 52"" (197.2 x 132.1 cm)",Gift of Warren and Mitzi Eisenberg and Leonard and Susan Feinstein,213.2006.6,Painting,Painting & Sculpture,2006-02-13,Y,102411,https://www.moma.org/collection/works/102411,https://www.moma.org/media/W1siZiIsIjE1OTE5NyJdLFsicCIsImNvbnZlcnQiLCItcmVzaXplIDEwMjR4MTAyNFx1MDAzZSJdXQ.jpg?sha=90c9d1177c04a609,,,,,197.1679,,,132.0803,,,capitalist realism
Forest (8),Gerhard Richter,4907,"(German, born 1932)",(German),(1932),(0),(male),2005,Oil on canvas,"77 5/8 x 52"" (197.2 x 132.1 cm)",Gift of Warren and Mitzi Eisenberg and Leonard and Susan Feinstein,213.2006.8,Painting,Painting & Sculpture,2006-02-13,Y,102413,https://www.moma.org/collection/works/102413,https://www.moma.org/media/W1siZiIsIjE1OTE5OCJdLFsicCIsImNvbnZlcnQiLCItcmVzaXplIDEwMjR4MTAyNFx1MDAzZSJdXQ.jpg?sha=c4e31bf391e517b6,,,,,197.1679,,,132.0803,,,capitalist realism
Forest (9),Gerhard Richter,4907,"(German, born 1932)",(German),(1932),(0),(male),2005,Oil on canvas,"77 5/8 x 52"" (197.2 x 132.1 cm)",Gift of Warren and Mitzi Eisenberg,213.2006.9,Painting,Painting & Sculpture,2006-02-13,Y,102414,https://www.moma.org/collection/works/102414,https://www.moma.org/media/W1siZiIsIjE1OTU2NyJdLFsicCIsImNvbnZlcnQiLCItcmVzaXplIDEwMjR4MTAyNFx1MDAzZSJdXQ.jpg?sha=1091b3c38d65e6e0,,,,,197.1679,,,132.0803,,,capitalist realism
Forest (10),Gerhard Richter,4907,"(German, born 1932)",(German),(1932),(0),(male),2005,Oil on canvas,"77 5/8 x 52"" (197.2 x 132.1 cm)",Gift of Warren and Mitzi Eisenberg and Leonard and Susan Feinstein,213.2006.10,Painting,Painting & Sculpture,2006-02-13,Y,102415,https://www.moma.org/collection/works/102415,https://www.moma.org/media/W1siZiIsIjE1OTE5MyJdLFsicCIsImNvbnZlcnQiLCItcmVzaXplIDEwMjR4MTAyNFx1MDAzZSJdXQ.jpg?sha=a7f181aa8be572b2,,,,,197.1679,,,132.0803,,,capitalist realism
Forest (11),Gerhard Richter,4907,"(German, born 1932)",(German),(1932),(0),(male),2005,Oil on canvas,"77 5/8 x 52"" (197.2 x 132.1 cm)",Gift of Leonard and Susan Feinstein,213.2006.11,Painting,Painting & Sculpture,2006-02-13,Y,102416,https://www.moma.org/collection/works/102416,https://www.moma.org/media/W1siZiIsIjE1OTU2MiJdLFsicCIsImNvbnZlcnQiLCItcmVzaXplIDEwMjR4MTAyNFx1MDAzZSJdXQ.jpg?sha=eebd478766e54b26,,,,,197.1679,,,132.0803,,,capitalist realism
Forest (12),Gerhard Richter,4907,"(German, born 1932)",(German),(1932),(0),(male),2005,Oil on canvas,"77 5/8 x 52"" (197.2 x 132.1 cm)",Gift of Warren and Mitzi Eisenberg and Leonard and Susan Feinstein,213.2006.12,Painting,Painting & Sculpture,2006-02-13,Y,102417,https://www.moma.org/collection/works/102417,https://www.moma.org/media/W1siZiIsIjE1OTE5NCJdLFsicCIsImNvbnZlcnQiLCItcmVzaXplIDEwMjR4MTAyNFx1MDAzZSJdXQ.jpg?sha=e5eb75f4f043934e,,,,,197.1679,,,132.0803,,,capitalist realism
Pyre,Jasper Johns,2923,"(American, born 1930)",(American),(1930),(0),(male),2003,Encaustic on canvas and wood with objects,"66 1/2 x 44 1/8 x 2 1/8"" (168.9 x 112.1 x 5.4 cm)",Fractional and promised gift of Marie-Josée and Henry R. Kravis,363.2006.a-b,Painting,Painting & Sculpture,2006-05-08,Y,102745,https://www.moma.org/collection/works/102745,https://www.moma.org/media/W1siZiIsIjEwNTI3MCJdLFsicCIsImNvbnZlcnQiLCItcmVzaXplIDEwMjR4MTAyNFx1MDAzZSJdXQ.jpg?sha=70f2c125c539f49f,,,5.3975,,168.9103,,,112.0777,,,Neo-Dada
Pyre 2,Jasper Johns,2923,"(American, born 1930)",(American),(1930),(0),(male),2003,Oil on canvas and wood with objects,"66 1/4 x 44 x 6 3/4"" (168.3 x 111.8 x 17.1 cm)",Fractional and promised gift of Marie-Josée and Henry R. Kravis,364.2006.a-d,Painting,Painting & Sculpture,2006-05-08,Y,102746,https://www.moma.org/collection/works/102746,https://www.moma.org/media/W1siZiIsIjEwNTI3MSJdLFsicCIsImNvbnZlcnQiLCItcmVzaXplIDEwMjR4MTAyNFx1MDAzZSJdXQ.jpg?sha=9779d24d428ab253,,,17.145,,168.2753,,,111.7602,,,Neo-Dada
Painting Bitten by a Man,Jasper Johns,2923,"(American, born 1930)",(American),(1930),(0),(male),1961,Encaustic on canvas mounted on type plate,"9 1/2 x 6 7/8"" (24.1 x 17.5 cm)","Gift of Jasper Johns in memory of Kirk Varnedoe, Chief Curator of the Department of Painting and Sculpture, 1989-2001",211.2007,Painting,Painting & Sculpture,2007-05-07,Y,109945,https://www.moma.org/collection/works/109945,https://www.moma.org/media/W1siZiIsIjIwMzUzMiJdLFsicCIsImNvbnZlcnQiLCItcmVzaXplIDEwMjR4MTAyNFx1MDAzZSJdXQ.jpg?sha=94fd7779e554147b,,,,,24.13,,,17.4625,,,Neo-Dada
Homage to J. S. Bach,Georges Braque,744,"(French, 1882–1963)",(French),(1882),(1963),(male),winter 1911-12,Oil on canvas,"21 1/4 x 28 3/4"" (54 x 73 cm)
","The Sidney and Harriet Janis Collection, acquired through the gift of Leon D. and Debra Black, the gift of William B. Jaffe and Evelyn A. J. Hall (by exchange), the Nelson A. Rockefeller Bequest Fund (by exchange), and the Richard S. Zeisler Bequest (by exchange)",544.2008,Painting,Painting & Sculpture,2008-06-09,Y,116275,https://www.moma.org/collection/works/116275,https://www.moma.org/media/W1siZiIsIjE2MjMyNiJdLFsicCIsImNvbnZlcnQiLCItcmVzaXplIDEwMjR4MTAyNFx1MDAzZSJdXQ.jpg?sha=4f72d881cd2df965,"""MoMA, Floor 5, 503""",,,,54.0,,,73.0,,,Cubism
A Thief in Paradise,Batiste Madalena,35204,"(American, 1902–1988)",(American),(1902),(1988),(male),1925,Tempera on poster board,"Overall: 44 x 23 3/4"" (111.8 x 60.3 cm)",Gift of Judith and Steven Katten,F2012.1307,Painting,Film,2012-02-08,N,118887,,,,,,,111.7602235204,,,60.3251206502,,,
Beggar on Horseback,Batiste Madalena,35204,"(American, 1902–1988)",(American),(1902),(1988),(male),1925,Tempera on poster board,"Overall: 44 1/8 x 24 3/4"" (112.1 x 62.9 cm)",Courtesy of Judith and Steven Katten,F2012.1308,Painting,Film,2012-02-08,N,118888,,,,,,,112.0777241554,,,62.8651257303,,,
Classmates,Batiste Madalena,35204,"(American, 1902–1988)",(American),(1902),(1988),(male),1924,Tempera on poster board,"Overall: 44 x 24 3/4"" (111.8 x 62.9 cm)",Gift of Judith and Steven Katten,F2012.1309,Painting,Film,2012-02-08,N,118889,,,,,,,111.7602235204,,,62.8651257303,,,
The Freshman,Batiste Madalena,35204,"(American, 1902–1988)",(American),(1902),(1988),(male),1925,Tempera and paper on poster board,"Overall: 43 x 24 1/8"" (109.2 x 61.3 cm)",Courtesy of Judith and Steven Katten,F1922,Painting,Film,2008-12-09,Y,118892,https://www.moma.org/collection/works/118892,https://www.moma.org/media/W1siZiIsIjEzNDc0MSJdLFsicCIsImNvbnZlcnQiLCItcmVzaXplIDEwMjR4MTAyNFx1MDAzZSJdXQ.jpg?sha=fca6a18500c4f34a,,,,,109.2202184404,,,61.2776225552,,,
The Haunted House,Batiste Madalena,35204,"(American, 1902–1988)",(American),(1902),(1988),(male),1928,Tempera on poster board,"Overall: 43 3/4 x 24 3/4"" (111.1 x 62.9 cm)",Courtesy of Judith and Steven Katten,TR14133.10,Painting,Film,2012-02-08,N,118893,,,,,,,111.1252222504,,,62.8651257303,,,
The Kid Brother,Batiste Madalena,35204,"(American, 1902–1988)",(American),(1902),(1988),(male),1927,Tempera on poster board,"Overall: 43 3/4 x 24 3/8"" (111.1 x 61.9 cm)",Courtesy of Judith and Steven Katten,F2012.1310,Painting,Film,2012-02-08,N,118894,,,,,,,111.1252222504,,,61.9126238252,,,
The Loves of Carmen,Batiste Madalena,35204,"(American, 1902–1988)",(American),(1902),(1988),(male),c. 1927,Tempera on poster board,"Overall: 43 x 24"" (109.2 x 61 cm)",Courtesy of Judith and Steven Katten,TR14133.6,Painting,Film,2012-02-08,N,118895,,,,,,,109.2202184404,,,60.9601219202,,,
The Noose,Batiste Madalena,35204,"(American, 1902–1988)",(American),(1902),(1988),(male),c. 1928,Tempera on poster board,"Overall: 43 1/2 x 24 3/4"" (110.5 x 62.9 cm)",Courtesy of Judith and Steven Katten,F1926,Painting,Film,2008-12-09,Y,118896,https://www.moma.org/collection/works/118896,https://www.moma.org/media/W1siZiIsIjEzNDc0NSJdLFsicCIsImNvbnZlcnQiLCItcmVzaXplIDEwMjR4MTAyNFx1MDAzZSJdXQ.jpg?sha=dc62a41628677a21,,,,,110.4902209804,,,62.8651257303,,,
So This Is Marriage,Batiste Madalena,35204,"(American, 1902–1988)",(American),(1902),(1988),(male),1925,Tempera on poster board,"Overall: 43 1/8 x 24 1/4"" (109.5 x 61.6 cm)",Courtesy of Judith and Steven Katten,TR14133.7,Painting,Film,2012-02-08,N,118897,,,,,,,109.5377190754,,,61.5951231902,,,
The Unknown,Batiste Madalena,35204,"(American, 1902–1988)",(American),(1902),(1988),(male),1927,Tempera on poster board,"Overall: 42 3/4 x 24"" (108.6 x 61 cm)",Courtesy of Judith and Steven Katten,F1929,Painting,Film,2008-12-09,Y,118899,https://www.moma.org/collection/works/118899,https://www.moma.org/media/W1siZiIsIjEzNDc0OCJdLFsicCIsImNvbnZlcnQiLCItcmVzaXplIDEwMjR4MTAyNFx1MDAzZSJdXQ.jpg?sha=20da9ebe07567bf4,,,,,108.5852171704,,,60.9601219202,,,
Variety,Batiste Madalena,35204,"(American, 1902–1988)",(American),(1902),(1988),(male),1926,Tempera on poster board,"Overall: 43 x 24 1/8"" (109.2 x 61.3 cm)",Courtesy of Judith and Steven Katten,TR14133.11,Painting,Film,2012-02-08,N,118900,,,,,,,109.2202184404,,,61.2776225552,,,
Wanderer of the Wasteland,Batiste Madalena,35204,"(American, 1902–1988)",(American),(1902),(1988),(male),1924,Tempera on poster board,"Overall: 42 3/4 x 22 3/16"" (108.6 x 56.4 cm)",Courtesy of Judith and Steven Katten,TR14133.8,Painting,Film,2012-02-08,N,118901,,,,,,,108.5852171704,,,56.3563627127,,,
Variety,Batiste Madalena,35204,"(American, 1902–1988)",(American),(1902),(1988),(male),1926,Tempera on poster board,"Overall: 41 1/2 x 23 1/4"" (105.4 x 59.1 cm)",Courtesy of Judith and Steven Katten,TR14133.9,Painting,Film,2012-02-08,N,118903,,,,,,,105.4102108204,,,59.0551181102,,,
The Haunted House,Batiste Madalena,35204,"(American, 1902–1988)",(American),(1902),(1988),(male),1928,Tempera on poster board,"Overall: 43 15/16 x 21 7/8"" (111.6 x 55.6 cm)",Gift of Judith and Steven Katten,F1937,Painting,Film,1999-02-05,N,118907,,,,,,,111.6014732029,,,55.5626111252,,,
Clothes Make the Pirate,Batiste Madalena,35204,"(American, 1902–1988)",(American),(1902),(1988),(male),1926,Tempera on poster board,"Overall: 43 1/2 x 24 9/16"" (110.5 x 62.4 cm)",Gift of Judith and Steven Katten,F1938,Painting,Film,1999-02-05,N,118908,,,,,,,110.4902209804,,,62.3888747777,,,
The Volga Boatman Martha Atwell: A Musical Scenic (Reverse),Batiste Madalena,35204,"(American, 1902–1988)",(American),(1902),(1988),(male),1926 and c. 1924-1928,"Tempera on poster board (The Volga Boatman) and 
Tempera and conté crayon on poster board (Martha Atwell)
","Overall: 43 x 24 1/4"" (109.2 x 61.6 cm)",Gift of Judith and Steven Katten,F1939,Painting,Film,,N,118909,,,,,,,109.2202184404,,,61.5951231902,,,
"Fair and Muddy, Our Gang Comedy",Batiste Madalena,35204,"(American, 1902–1988)",(American),(1902),(1988),(male),1924,Tempera on poster board,"42 9/16"" x 23 7/8""",Gift of the Katten Family,F1941,Painting,Film,1999-02-05,N,118911,,,,,,,108.1089662179,,,60.6426212852,,,
Sally of the Sawdust,Batiste Madalena,35204,"(American, 1902–1988)",(American),(1902),(1988),(male),1925,Tempera on poster board,"Overall: 43 x 24 5/16"" (109.2 x 61.8 cm)",Gift of Judith and Steven Katten,F1942,Painting,Film,,N,118912,,,,,,,109.2202184404,,,61.7538735077,,,
Behind the Front,Batiste Madalena,35204,"(American, 1902–1988)",(American),(1902),(1988),(male),1927,Tempera on poster board,"41 3/4"" x 21 1/2""",Gift of the Katten Family,F1943,Painting,Film,1999-02-05,N,118913,,,,,,,106.0452120904,,,54.6101092202,,,
The Patriot,Batiste Madalena,35204,"(American, 1902–1988)",(American),(1902),(1988),(male),1928,Tempera on poster board,"Overall: 41 11/16 x 24 1/4"" (105.9 x 61.6 cm)",Gift of Judith and Steven Katten,F1946,Painting,Film,,N,118916,,,,,,,105.8864617729,,,61.5951231902,,,
The Patriot,Batiste Madalena,35204,"(American, 1902–1988)",(American),(1902),(1988),(male),1928,Tempera on poster board,"Overall: 41 11/16 x 24 1/4"" (105.9 x 61.6 cm)",Gift of Judith and Steven Katten,F1947,Painting,Film,,N,118917,,,,,,,105.8864617729,,,61.5951231902,,,
The Pony Express,Batiste Madalena,35204,"(American, 1902–1988)",(American),(1902),(1988),(male),1925,Tempera on poster board,"Overall: 43 3/4 x 24"" (111.1 x 61 cm)",Gift of Judith and Steven Katten,F1951,Painting,Film,,N,118921,,,,,,,111.1252222504,,,60.9601219202,,,
Sally of the Sawdust,Batiste Madalena,35204,"(American, 1902–1988)",(American),(1902),(1988),(male),1925,Tempera on poster board,"Overall: 44 1/2 x 26"" (113 x 66 cm)",Gift of Judith and Steven Katten,F1953,Painting,Film,,N,118923,,,,,,,113.0302260605,,,66.0401320803,,,
The Pony Express,Batiste Madalena,35204,"(American, 1902–1988)",(American),(1902),(1988),(male),1925,Tempera on poster board,"Overall: 44 x 24 5/8"" (111.8 x 62.5 cm)",Gift of Judith and Steven Katten,F1981,Painting,Film,2008-12-09,Y,118992,https://www.moma.org/collection/works/118992,https://www.moma.org/media/W1siZiIsIjEzNTI0OCJdLFsicCIsImNvbnZlcnQiLCItcmVzaXplIDEwMjR4MTAyNFx1MDAzZSJdXQ.jpg?sha=c1065e9e19acb8cc,,,,,111.7602235204,,,62.5476250953,,,
"Laugh, Clown, Laugh",Batiste Madalena,35204,"(American, 1902–1988)",(American),(1902),(1988),(male),1928,Digital still image,,,F1986,Painting,Film,,N,119059,,,,,,,,,,,,,
September,Gerhard Richter,4907,"(German, born 1932)",(German),(1932),(0),(male),2005,Oil on canvas,"20 1/2 x 28 1/4"" (52.1 x 71.8 cm)",Gift of the artist and Joe Hage,1901.2008,Painting,Painting & Sculpture,2008-11-11,Y,125098,https://www.moma.org/collection/works/125098,https://www.moma.org/media/W1siZiIsIjIyMzE2OCJdLFsicCIsImNvbnZlcnQiLCItcmVzaXplIDEwMjR4MTAyNFx1MDAzZSJdXQ.jpg?sha=3793a45deb3b972b,,,,,52.0701041402,,,71.7551435103,,,capitalist realism
"Guitar, Plate, Fruit Dish, Pitcher, and Music Score",Georges Braque,744,"(French, 1882–1963)",(French),(1882),(1963),(male),1925,Oil on canvas,"28 1/2 x 36 1/2"" (72.4 x 92.7 cm) including frame",Gift of Anne Franchetti,1991.2008,Painting,Painting & Sculpture,2009-02-11,Y,126060,https://www.moma.org/collection/works/126060,https://www.moma.org/media/W1siZiIsIjE1NjMzMyJdLFsicCIsImNvbnZlcnQiLCItcmVzaXplIDEwMjR4MTAyNFx1MDAzZSJdXQ.jpg?sha=0fef4dd107355bb2,,,0.0,,72.3901447803,,,92.7101854204,,,Cubism
Vielles chansons,Ben Vautier,6115,"(French, born Italy, 1935–2024)",(French),(1935),(2024),(male),1960–62,"Synthetic polymer paint, colored pencil, pencil, and felt-tip pen on particle board","overall: 8 1/2 × 7 1/16 × 3/8"" (21.6 × 17.9 × 1 cm)",The Gilbert and Lila Silverman Fluxus Collection Gift,2744.2008,Painting,Drawings & Prints,2008-10-08,Y,127573,https://www.moma.org/collection/works/127573,https://www.moma.org/media/W1siZiIsIjMxMjYwMyJdLFsicCIsImNvbnZlcnQiLCItcmVzaXplIDEwMjR4MTAyNFx1MDAzZSJdXQ.jpg?sha=42eeedef200dfdef,,,3.81000762,,47.6250952502,,,37.4650749301,,,Fluxus
This Room is a Ben Creation,Ben Vautier,6115,"(French, born Italy, 1935–2024)",(French),(1935),(2024),(male),1962,Synthetic polymer paint on wood,"overall: 7 1/16 x 8 1/4"" (18 x 21 cm)",The Gilbert and Lila Silverman Fluxus Collection Gift,2750.2008,Painting,Drawings & Prints,2008-10-08,Y,127575,https://www.moma.org/collection/works/127575,https://www.moma.org/media/W1siZiIsIjE3NDY2NSJdLFsicCIsImNvbnZlcnQiLCItcmVzaXplIDEwMjR4MTAyNFx1MDAzZSJdXQ.jpg?sha=48cfc9431d4a833d,,,,,18.0,,,21.0,,,Fluxus
Art,Ben Vautier,6115,"(French, born Italy, 1935–2024)",(French),(1935),(2024),(male),1974,Synthetic polymer paint on wood,"overall: 8 1/4 x 17 5/8 x 3/16"" (21 x 44.7 x 0.5 cm)",The Gilbert and Lila Silverman Fluxus Collection Gift,2939.2008,Painting,Drawings & Prints,2008-10-08,Y,130598,https://www.moma.org/collection/works/130598,https://www.moma.org/media/W1siZiIsIjIxOTAxNiJdLFsicCIsImNvbnZlcnQiLCItcmVzaXplIDEwMjR4MTAyNFx1MDAzZSJdXQ.jpg?sha=26ad036dc9ccc57f,,,0.5,,21.0,,,44.7,,,Fluxus
Plaque for Dirty Water (Eau sale),Ben Vautier,6115,"(French, born Italy, 1935–2024)",(French),(1935),(2024),(male),1984,Synthetic polymer paint on board,"3 15/16 x 5 1/8"" (10 x 13 cm)",The Gilbert and Lila Silverman Fluxus Collection Gift,2941.2008,Painting,Drawings & Prints,2008-10-08,Y,130606,https://www.moma.org/collection/works/130606,https://www.moma.org/media/W1siZiIsIjMwNTAzMyJdLFsicCIsImNvbnZlcnQiLCItcmVzaXplIDEwMjR4MTAyNFx1MDAzZSJdXQ.jpg?sha=ff4b96db866e8092,,,,,10.0,,,13.0,,,Fluxus
Plaque for Flux Painting,Ben Vautier,6115,"(French, born Italy, 1935–2024)",(French),(1935),(2024),(male),1984,Synthetic polymer paint on wood,"3 15/16 x 5 1/2 x 3/16"" (10 x 14 x 0.5 cm)",The Gilbert and Lila Silverman Fluxus Collection Gift,FC977,Painting,Fluxus Collection,2008-10-08,N,130607,,,,,0.5,,10.0,,,14.0,,,Fluxus
Plaque for Index for Chest,Ben Vautier,6115,"(French, born Italy, 1935–2024)",(French),(1935),(2024),(male),1984,Synthetic polymer paint on wood,"3 15/16 x 5 1/2 x 3/16"" (10 x 14 x 0.5 cm)",The Gilbert and Lila Silverman Fluxus Collection Gift,2942.2008,Painting,Drawings & Prints,2008-10-08,Y,130608,https://www.moma.org/collection/works/130608,https://www.moma.org/media/W1siZiIsIjMxMjYxMSJdLFsicCIsImNvbnZlcnQiLCItcmVzaXplIDEwMjR4MTAyNFx1MDAzZSJdXQ.jpg?sha=557a9f6af9963e16,,,0.5,,10.0,,,14.0,,,Fluxus
Plaque for Flux Useless Object,Ben Vautier,6115,"(French, born Italy, 1935–2024)",(French),(1935),(2024),(male),1984,Synthetic polymer paint on board,"Sheet: 3 15/16 x 5 1/8"" (10 x 13 cm)",The Gilbert and Lila Silverman Fluxus Collection Gift,2943.2008,Painting,Drawings & Prints,2008-10-08,Y,130609,https://www.moma.org/collection/works/130609,https://www.moma.org/media/W1siZiIsIjMwNTAzNCJdLFsicCIsImNvbnZlcnQiLCItcmVzaXplIDEwMjR4MTAyNFx1MDAzZSJdXQ.jpg?sha=b923b1c7d57bc430,,,,,10.0,,,13.0,,,Fluxus
Plaque for Flux Mystery Food,Ben Vautier,6115,"(French, born Italy, 1935–2024)",(French),(1935),(2024),(male),1984,Synthetic polymer paint on board,"Sheet: 3 15/16 x 5 1/8"" (10 x 13 cm)",The Gilbert and Lila Silverman Fluxus Collection Gift,2944.2008,Painting,Drawings & Prints,2008-10-08,Y,130610,https://www.moma.org/collection/works/130610,https://www.moma.org/media/W1siZiIsIjMwNTAzNSJdLFsicCIsImNvbnZlcnQiLCItcmVzaXplIDEwMjR4MTAyNFx1MDAzZSJdXQ.jpg?sha=f4c4cac7fcdaa408,,,,,10.0,,,13.0,,,Fluxus
Plaque for Boîte mystère,Ben Vautier,6115,"(French, born Italy, 1935–2024)",(French),(1935),(2024),(male),1984,Synthetic polymer paint on wood,"3 15/16 x 5 1/2 x 3/16"" (10 x 14 x 0.5 cm)",The Gilbert and Lila Silverman Fluxus Collection Gift,2945.2008,Painting,Drawings & Prints,2008-10-08,Y,130611,https://www.moma.org/collection/works/130611,https://www.moma.org/media/W1siZiIsIjMwNTAzNiJdLFsicCIsImNvbnZlcnQiLCItcmVzaXplIDEwMjR4MTAyNFx1MDAzZSJdXQ.jpg?sha=7227aeaf68a1afb5,,,0.5,,10.0,,,14.0,,,Fluxus
Plaque for Stool,Ben Vautier,6115,"(French, born Italy, 1935–2024)",(French),(1935),(2024),(male),1984,Synthetic polymer paint on wood,"3 15/16 x 5 1/2 x 3/16"" (10 x 14 x 0.5 cm)",The Gilbert and Lila Silverman Fluxus Collection Gift,2946.2008,Painting,Drawings & Prints,2008-10-08,Y,130612,https://www.moma.org/collection/works/130612,https://www.moma.org/media/W1siZiIsIjMwNTA5MiJdLFsicCIsImNvbnZlcnQiLCItcmVzaXplIDEwMjR4MTAyNFx1MDAzZSJdXQ.jpg?sha=334061d4f454594a,,,0.5,,10.0,,,14.0,,,Fluxus
Plaque for Stool,Ben Vautier,6115,"(French, born Italy, 1935–2024)",(French),(1935),(2024),(male),,Synthetic polymer paint on wood,"3 15/16 x 5 9/16 x 3/16"" (10 x 14.2 x 0.5 cm)",The Gilbert and Lila Silverman Fluxus Collection Gift,2955.2008,Painting,Drawings & Prints,2008-10-08,Y,130613,https://www.moma.org/collection/works/130613,https://www.moma.org/media/W1siZiIsIjMwNTA0MSJdLFsicCIsImNvbnZlcnQiLCItcmVzaXplIDEwMjR4MTAyNFx1MDAzZSJdXQ.jpg?sha=7130b87cc4caedba,,,0.5,,10.0,,,14.2,,,Fluxus
Plaque for Fluxanything Box,Ben Vautier,6115,"(French, born Italy, 1935–2024)",(French),(1935),(2024),(male),1984,Synthetic polymer paint on wood,"3 15/16 x 5 9/16 x 3/16"" (10 x 14.2 x 0.5 cm)",The Gilbert and Lila Silverman Fluxus Collection Gift,2947.2008,Painting,Drawings & Prints,2008-10-08,Y,130614,https://www.moma.org/collection/works/130614,https://www.moma.org/media/W1siZiIsIjMwNTAzNyJdLFsicCIsImNvbnZlcnQiLCItcmVzaXplIDEwMjR4MTAyNFx1MDAzZSJdXQ.jpg?sha=2f2bc53167c76e8e,,,0.5,,10.0,,,14.2,,,Fluxus
Plaque for Flux Catalogue,Ben Vautier,6115,"(French, born Italy, 1935–2024)",(French),(1935),(2024),(male),1984,Synthetic polymer paint on wood,"3 15/16 x 5 1/2 x 5/16"" (10 x 14 x 0.8 cm)",The Gilbert and Lila Silverman Fluxus Collection Gift,2948.2008,Painting,Drawings & Prints,2008-10-08,Y,130615,https://www.moma.org/collection/works/130615,https://www.moma.org/media/W1siZiIsIjMwNTAzOCJdLFsicCIsImNvbnZlcnQiLCItcmVzaXplIDEwMjR4MTAyNFx1MDAzZSJdXQ.jpg?sha=ee26189de2a6fadc,,,0.8,,10.0,,,14.0,,,Fluxus
Plaque for Flux Colors (Je signe toutes les couleurs),Ben Vautier,6115,"(French, born Italy, 1935–2024)",(French),(1935),(2024),(male),1984,Synthetic polymer paint on wood,"3 15/16 x 5 1/2 x 3/16"" (10 x 14 x 0.5 cm)",The Gilbert and Lila Silverman Fluxus Collection Gift,2949.2008,Painting,Drawings & Prints,2008-10-08,Y,130616,https://www.moma.org/collection/works/130616,https://www.moma.org/media/W1siZiIsIjMyMDQyNiJdLFsicCIsImNvbnZlcnQiLCItcmVzaXplIDEwMjR4MTAyNFx1MDAzZSJdXQ.jpg?sha=651daeb6b0f0442b,,,0.5,,10.0,,,14.0,,,Fluxus
Plaque for This box contains an idea so important that it could change art. I hid so that no one can pinch the idea from me,Ben Vautier,6115,"(French, born Italy, 1935–2024)",(French),(1935),(2024),(male),1984,Synthetic polymer paint on wood,"5 1/2 x 3 15/16 x 3/16"" (14 x 10 x 0.5 cm)",The Gilbert and Lila Silverman Fluxus Collection Gift,2950.2008,Painting,Drawings & Prints,2008-10-08,Y,130617,https://www.moma.org/collection/works/130617,https://www.moma.org/media/W1siZiIsIjMwNTAzOSJdLFsicCIsImNvbnZlcnQiLCItcmVzaXplIDEwMjR4MTAyNFx1MDAzZSJdXQ.jpg?sha=8e9706215467fa4a,,,0.5,,14.0,,,10.0,,,Fluxus
Plaque for Boîte mystère,Ben Vautier,6115,"(French, born Italy, 1935–2024)",(French),(1935),(2024),(male),1984,Synthetic polymer paint on wood,"3 15/16 x 5 9/16 x 3/16"" (10 x 14.2 x 0.5 cm)",The Gilbert and Lila Silverman Fluxus Collection Gift,2951.2008,Painting,Drawings & Prints,2008-10-08,Y,130618,https://www.moma.org/collection/works/130618,https://www.moma.org/media/W1siZiIsIjMwNTA0MCJdLFsicCIsImNvbnZlcnQiLCItcmVzaXplIDEwMjR4MTAyNFx1MDAzZSJdXQ.jpg?sha=583c7fbed69b6db2,,,0.5,,10.0,,,14.2,,,Fluxus
Plaque for Time,Ben Vautier,6115,"(French, born Italy, 1935–2024)",(French),(1935),(2024),(male),1984,Synthetic polymer paint on board,"Sheet: 3 15/16 x 5 1/8"" (10 x 13 cm)
Frame: 11/16 x 6 1/2"" (1.7 x 16.5 cm)",The Gilbert and Lila Silverman Fluxus Collection Gift,2952.2008,Painting,Drawings & Prints,2008-10-08,Y,130619,https://www.moma.org/collection/works/130619,https://www.moma.org/media/W1siZiIsIjMwNjI0NiJdLFsicCIsImNvbnZlcnQiLCItcmVzaXplIDEwMjR4MTAyNFx1MDAzZSJdXQ.jpg?sha=9e725d8ec1278342,,,,,10.0,,,13.0,,,Fluxus
Plaque for Black Box (Boîte noire),Ben Vautier,6115,"(French, born Italy, 1935–2024)",(French),(1935),(2024),(male),1984,Synthetic polymer paint on wood,"3 15/16 x 5 1/2 x 3/16"" (10 x 14 x 0.5 cm)",The Gilbert and Lila Silverman Fluxus Collection Gift,2953.2008,Painting,Drawings & Prints,2008-10-08,Y,130620,https://www.moma.org/collection/works/130620,https://www.moma.org/media/W1siZiIsIjMxMjYxMiJdLFsicCIsImNvbnZlcnQiLCItcmVzaXplIDEwMjR4MTAyNFx1MDAzZSJdXQ.jpg?sha=198bd8e1c34137dd,,,0.5,,10.0,,,14.0,,,Fluxus
Self-Portrait,Ben Vautier,6115,"(French, born Italy, 1935–2024)",(French),(1935),(2024),(male),1971,Oil on canvas,"overall: 10 13/16 x 8 7/16 x 9/16"" (27.5 x 21.5 x 1.5 cm)",The Gilbert and Lila Silverman Fluxus Collection Gift,2938.2008,Painting,Drawings & Prints,2008-10-08,Y,130627,https://www.moma.org/collection/works/130627,https://www.moma.org/media/W1siZiIsIjI0NjU3NyJdLFsicCIsImNvbnZlcnQiLCItcmVzaXplIDEwMjR4MTAyNFx1MDAzZSJdXQ.jpg?sha=ec8c5656b43e7a13,,,1.5,,27.5,,,21.5,,,Fluxus
Flux Painting,Ben Vautier,6115,"(French, born Italy, 1935–2024)",(French),(1935),(2024),(male),c. 1966,Oil in canvas,"13 7/8 x 12 x 4 5/16"" (35.2 x 30.5 x 11 cm)",The Gilbert and Lila Silverman Fluxus Collection Gift,3757.2008,Painting,Drawings & Prints,2008-10-08,Y,130628,https://www.moma.org/collection/works/130628,https://www.moma.org/media/W1siZiIsIjI0NjU4MCJdLFsicCIsImNvbnZlcnQiLCItcmVzaXplIDEwMjR4MTAyNFx1MDAzZSJdXQ.jpg?sha=cf51c2f81a1b438b,,,11.0,,35.2,,,30.5,,,Fluxus
Untitled (Mr. Austridge: 2),Sherrie Levine,3515,"(American, born 1947)",(American),(1947),(0),(female),1989,Casein on wood in artist's frame,"47 1/8"" x 27 1/8"" (119.7 x 68.9 cm)",Committee on Painting and Sculpture Funds,601.2009,Painting,Painting & Sculpture,2009-09-21,Y,130702,https://www.moma.org/collection/works/130702,https://www.moma.org/media/W1siZiIsIjMxNzAyMCJdLFsicCIsImNvbnZlcnQiLCItcmVzaXplIDEwMjR4MTAyNFx1MDAzZSJdXQ.jpg?sha=405246853d040ec1,,,,,,,,,,,contemporary art
Plaque for A Flux Suicide Kit,Ben Vautier,6115,"(French, born Italy, 1935–2024)",(French),(1935),(2024),(male),1984,Synthetic polymer paint on wood,"3 15/16 x 5 1/2"" (10 x 14 cm)",The Gilbert and Lila Silverman Fluxus Collection Gift,2954.2008,Painting,Drawings & Prints,2008-10-08,Y,131292,https://www.moma.org/collection/works/131292,https://www.moma.org/media/W1siZiIsIjMxMjYxMyJdLFsicCIsImNvbnZlcnQiLCItcmVzaXplIDEwMjR4MTAyNFx1MDAzZSJdXQ.jpg?sha=b32750e3fd2969bd,,,,,10.0,,,14.0,,,Fluxus
Plaque for God,Ben Vautier,6115,"(French, born Italy, 1935–2024)",(French),(1935),(2024),(male),1984,Synthetic polymer paint on wood,"3 15/16 x 5 9/16 x 1 15/16"" (10 x 14.2 x 5 cm)",The Gilbert and Lila Silverman Fluxus Collection Gift,2956.2008,Painting,Drawings & Prints,2008-10-08,Y,131638,https://www.moma.org/collection/works/131638,https://www.moma.org/media/W1siZiIsIjMwNjI0NyJdLFsicCIsImNvbnZlcnQiLCItcmVzaXplIDEwMjR4MTAyNFx1MDAzZSJdXQ.jpg?sha=ff56192a3982ecf6,,,5.0,,10.0,,,14.2,,,Fluxus
Plaque for God,Ben Vautier,6115,"(French, born Italy, 1935–2024)",(French),(1935),(2024),(male),1984,Synthetic polymer paint on wood,"6 5/16 x 7 7/8 x 3/8"" (16 x 20 x 1 cm)",The Gilbert and Lila Silverman Fluxus Collection Gift,2957.2008,Painting,Drawings & Prints,2008-10-08,Y,131639,https://www.moma.org/collection/works/131639,https://www.moma.org/media/W1siZiIsIjMwNjI0OCJdLFsicCIsImNvbnZlcnQiLCItcmVzaXplIDEwMjR4MTAyNFx1MDAzZSJdXQ.jpg?sha=d67b3262fcc88369,,,1.0,,16.0,,,20.0,,,Fluxus
Plaque for Flux Light,Ben Vautier,6115,"(French, born Italy, 1935–2024)",(French),(1935),(2024),(male),,Synthetic polymer paint on wood,10 x 14 cm,The Gilbert and Lila Silverman Fluxus Collection Gift,2958.2008,Painting,Drawings & Prints,2008-10-08,Y,131640,https://www.moma.org/collection/works/131640,https://www.moma.org/media/W1siZiIsIjMwNTA0MiJdLFsicCIsImNvbnZlcnQiLCItcmVzaXplIDEwMjR4MTAyNFx1MDAzZSJdXQ.jpg?sha=09763fed1a11e3bb,,,0.0,,0.0,,,0.0,,,Fluxus
Plaque for Encyclopedia of World Art,Ben Vautier,6115,"(French, born Italy, 1935–2024)",(French),(1935),(2024),(male),1984,Acrylic on colored board,"overall: 3 15/16 × 5 1/16 × 1/16"" (10 × 12.9 × 0.2 cm)",The Gilbert and Lila Silverman Fluxus Collection Gift,2403.2008.2,Painting,Drawings & Prints,2008-10-08,Y,140214,https://www.moma.org/collection/works/140214,https://www.moma.org/media/W1siZiIsIjM5NzM1NCJdLFsicCIsImNvbnZlcnQiLCItcmVzaXplIDEwMjR4MTAyNFx1MDAzZSJdXQ.jpg?sha=93fc5582298b65e5,,,0.2,,10.0,,,12.9,,,Fluxus
Behind the Front,Batiste Madalena,35204,"(American, 1902–1988)",(American),(1902),(1988),(male),1926,Gouache on paper,"43 x 24"" (109.2 x 61 cm)",Gift of the Katten Family,F2497,Painting,Film,2011-03-10,N,155162,,,,,0.0,,109.2202184404,,,60.9601219202,,,
Yellow Piece,Ellsworth Kelly,3048,"(American, 1923–2015)",(American),(1923),(2015),(male),1966,Acrylic on canvas,"75 x 75"" (190.5 x 190.5 cm)",Gift of the artist and The Riklis Collection of McCrory Corporation (both by exchange),544.2013,Painting,Painting & Sculpture,2013-05-20,Y,169715,https://www.moma.org/collection/works/169715,https://www.moma.org/media/W1siZiIsIjI5ODc0MCJdLFsicCIsImNvbnZlcnQiLCItcmVzaXplIDEwMjR4MTAyNFx1MDAzZSJdXQ.jpg?sha=7b25af2edcb65284,,,0.0,,190.5003810008,,,190.5003810008,,,abstract art
Dead,Gerhard Richter,4907,"(German, born 1932)",(German),(1932),(0),(male),1963,Oil on canvas,"39 3/4 x 59 1/2"" (101 x 151.1 cm)",The Sidney and Harriet Janis Collection (by exchange),741.2013,Painting,Painting & Sculpture,2013-10-07,Y,173763,https://www.moma.org/collection/works/173763,https://www.moma.org/media/W1siZiIsIjMzMTYxMCJdLFsicCIsImNvbnZlcnQiLCItcmVzaXplIDEwMjR4MTAyNFx1MDAzZSJdXQ.jpg?sha=aa6a2c0a08bf689d,,,0.0,,100.9652019304,,,151.1303022606,,,capitalist realism
I Got Up...,On Kawara,3030,"(Japanese, 1933–2014)",(Japanese),(1933),(0),(male),1977,Ink and stamps on postcard,"Each (postcard, sight): 4 x 5 7/8"" (10.2 x 14.9cm)",Gift of Angela Westwater,366.1991.1,Painting,Painting & Sculpture,1991-12-09,N,186364,,,,,,,10.2,,,14.9,,,
I Got Up...,On Kawara,3030,"(Japanese, 1933–2014)",(Japanese),(1933),(0),(male),1977,Ink and stamps on postcard,"Each (postcard, sight): 4 x 5 7/8"" (10.2 x 14.9cm)",Gift of Angela Westwater,366.1991.2,Painting,Painting & Sculpture,1991-12-09,N,186365,,,,,,,10.2,,,14.9,,,
I Got Up...,On Kawara,3030,"(Japanese, 1933–2014)",(Japanese),(1933),(0),(male),1977,Ink and stamps on postcard,"Each (postcard, sight): 4 x 5 7/8"" (10.2 x 14.9cm)",Gift of Angela Westwater,366.1991.3,Painting,Painting & Sculpture,1991-12-09,N,186366,,,,,,,10.2,,,14.9,,,
I Got Up...,On Kawara,3030,"(Japanese, 1933–2014)",(Japanese),(1933),(0),(male),1977,Ink and stamps on postcard,"Each (postcard, sight): 4 x 5 7/8"" (10.2 x 14.9cm)",Gift of Angela Westwater,366.1991.4,Painting,Painting & Sculpture,1991-12-09,N,186367,,,,,,,10.2,,,14.9,,,
I Got Up...,On Kawara,3030,"(Japanese, 1933–2014)",(Japanese),(1933),(0),(male),1977,Ink and stamps on postcard,"Each (postcard, sight): 4 x 5 7/8"" (10.2 x 14.9cm)",Gift of Angela Westwater,366.1991.5,Painting,Painting & Sculpture,1991-12-09,N,186368,,,,,,,10.2,,,14.9,,,
I Got Up...,On Kawara,3030,"(Japanese, 1933–2014)",(Japanese),(1933),(0),(male),1977,Ink and stamps on postcard,"Each (postcard, sight): 4 x 5 7/8"" (10.2 x 14.9cm)",Gift of Angela Westwater,366.1991.6,Painting,Painting & Sculpture,1991-12-09,N,186369,,,,,,,10.2,,,14.9,,,
I Got Up...,On Kawara,3030,"(Japanese, 1933–2014)",(Japanese),(1933),(0),(male),1977,Ink and stamps on postcard,"Each (postcard, sight): 4 x 5 7/8"" (10.2 x 14.9cm)",Gift of Angela Westwater,366.1991.7,Painting,Painting & Sculpture,1991-12-09,N,186370,,,,,,,10.2,,,14.9,,,
I Got Up...,On Kawara,3030,"(Japanese, 1933–2014)",(Japanese),(1933),(0),(male),1977,Ink and stamps on postcard,"Each (postcard, sight): 4 x 5 7/8"" (10.2 x 14.9cm)",Gift of Angela Westwater,366.1991.8,Painting,Painting & Sculpture,1991-12-09,N,186371,,,,,,,10.2,,,14.9,,,
I Got Up...,On Kawara,3030,"(Japanese, 1933–2014)",(Japanese),(1933),(0),(male),1977,Ink and stamps on postcard,"Each (postcard, sight): 4 x 5 7/8"" (10.2 x 14.9cm)",Gift of Angela Westwater,366.1991.9,Painting,Painting & Sculpture,1991-12-09,N,186372,,,,,,,10.2,,,14.9,,,
I Got Up...,On Kawara,3030,"(Japanese, 1933–2014)",(Japanese),(1933),(0),(male),1977,Ink and stamps on postcard,"Each (postcard, sight): 4 x 5 7/8"" (10.2 x 14.9cm)",Gift of Angela Westwater,366.1991.10,Painting,Painting & Sculpture,1991-12-09,N,186373,,,,,,,10.2,,,14.9,,,
I Got Up...,On Kawara,3030,"(Japanese, 1933–2014)",(Japanese),(1933),(0),(male),1977,Ink and stamps on postcard,"Each (postcard, sight): 4 x 5 7/8"" (10.2 x 14.9cm)",Gift of Angela Westwater,366.1991.11,Painting,Painting & Sculpture,1991-12-09,N,186374,,,,,,,10.2,,,14.9,,,
I Got Up...,On Kawara,3030,"(Japanese, 1933–2014)",(Japanese),(1933),(0),(male),1977,Ink and stamps on postcard,"Each (postcard, sight): 4 x 5 7/8"" (10.2 x 14.9cm)",Gift of Angela Westwater,366.1991.12,Painting,Painting & Sculpture,1991-12-09,N,186375,,,,,,,10.2,,,14.9,,,
I Got Up...,On Kawara,3030,"(Japanese, 1933–2014)",(Japanese),(1933),(0),(male),1977,Ink and stamps on postcard,"Each (postcard, sight): 4 x 5 7/8"" (10.2 x 14.9cm)",Gift of Angela Westwater,366.1991.13,Painting,Painting & Sculpture,1991-12-09,N,186376,,,,,,,10.2,,,14.9,,,
I Got Up...,On Kawara,3030,"(Japanese, 1933–2014)",(Japanese),(1933),(0),(male),1977,Ink and stamps on postcard,"Each (postcard, sight): 4 x 5 7/8"" (10.2 x 14.9cm)",Gift of Angela Westwater,366.1991.14,Painting,Painting & Sculpture,1991-12-09,N,186377,,,,,,,10.2,,,14.9,,,
I Got Up...,On Kawara,3030,"(Japanese, 1933–2014)",(Japanese),(1933),(0),(male),1977,Ink and stamps on postcard,"Each (postcard, sight): 4 x 5 7/8"" (10.2 x 14.9cm)",Gift of Angela Westwater,366.1991.15,Painting,Painting & Sculpture,1991-12-09,N,186378,,,,,,,10.2,,,14.9,,,
I Got Up...,On Kawara,3030,"(Japanese, 1933–2014)",(Japanese),(1933),(0),(male),1977,Ink and stamps on postcard,"Each (postcard, sight): 4 x 5 7/8"" (10.2 x 14.9cm)",Gift of Angela Westwater,366.1991.16,Painting,Painting & Sculpture,1991-12-09,N,186379,,,,,,,10.2,,,14.9,,,
I Got Up...,On Kawara,3030,"(Japanese, 1933–2014)",(Japanese),(1933),(0),(male),1977,Ink and stamps on postcard,"Each (postcard, sight): 4 x 5 7/8"" (10.2 x 14.9cm)",Gift of Angela Westwater,366.1991.17,Painting,Painting & Sculpture,1991-12-09,N,186380,,,,,,,10.2,,,14.9,,,
I Got Up...,On Kawara,3030,"(Japanese, 1933–2014)",(Japanese),(1933),(0),(male),1977,Ink and stamps on postcard,"Each (postcard, sight): 4 x 5 7/8"" (10.2 x 14.9cm)",Gift of Angela Westwater,366.1991.18,Painting,Painting & Sculpture,1991-12-09,N,186381,,,,,,,10.2,,,14.9,,,
I Got Up...,On Kawara,3030,"(Japanese, 1933–2014)",(Japanese),(1933),(0),(male),1977,Ink and stamps on postcard,"Each (postcard, sight): 4 x 5 7/8"" (10.2 x 14.9cm)",Gift of Angela Westwater,366.1991.19,Painting,Painting & Sculpture,1991-12-09,N,186382,,,,,,,10.2,,,14.9,,,
I Got Up...,On Kawara,3030,"(Japanese, 1933–2014)",(Japanese),(1933),(0),(male),1977,Ink and stamps on postcard,"Each (postcard, sight): 4 x 5 7/8"" (10.2 x 14.9cm)",Gift of Angela Westwater,366.1991.20,Painting,Painting & Sculpture,1991-12-09,N,186383,,,,,,,10.2,,,14.9,,,
I Got Up...,On Kawara,3030,"(Japanese, 1933–2014)",(Japanese),(1933),(0),(male),1977,Ink and stamps on postcard,"Each (postcard, sight): 4 x 5 7/8"" (10.2 x 14.9cm)",Gift of Angela Westwater,366.1991.21,Painting,Painting & Sculpture,1991-12-09,N,186384,,,,,,,10.2,,,14.9,,,
I Got Up...,On Kawara,3030,"(Japanese, 1933–2014)",(Japanese),(1933),(0),(male),1977,Ink and stamps on postcard,"Each (postcard, sight): 4 x 5 7/8"" (10.2 x 14.9cm)",Gift of Angela Westwater,366.1991.22,Painting,Painting & Sculpture,1991-12-09,N,186385,,,,,,,10.2,,,14.9,,,
I Got Up...,On Kawara,3030,"(Japanese, 1933–2014)",(Japanese),(1933),(0),(male),1977,Ink and stamps on postcard,"Each (postcard, sight): 4 x 5 7/8"" (10.2 x 14.9cm)",Gift of Angela Westwater,366.1991.23,Painting,Painting & Sculpture,1991-12-09,N,186386,,,,,,,10.2,,,14.9,,,
I Got Up...,On Kawara,3030,"(Japanese, 1933–2014)",(Japanese),(1933),(0),(male),1977,Ink and stamps on postcard,"Each (postcard, sight): 4 x 5 7/8"" (10.2 x 14.9cm)",Gift of Angela Westwater,366.1991.24,Painting,Painting & Sculpture,1991-12-09,N,186387,,,,,,,10.2,,,14.9,,,
I Got Up...,On Kawara,3030,"(Japanese, 1933–2014)",(Japanese),(1933),(0),(male),1977,Ink and stamps on postcard,"Each (postcard, sight): 4 x 5 7/8"" (10.2 x 14.9cm)",Gift of Angela Westwater,366.1991.25,Painting,Painting & Sculpture,1991-12-09,N,186388,,,,,,,10.2,,,14.9,,,
I Got Up...,On Kawara,3030,"(Japanese, 1933–2014)",(Japanese),(1933),(0),(male),1977,Ink and stamps on postcard,"Each (postcard, sight): 4 x 5 7/8"" (10.2 x 14.9cm)",Gift of Angela Westwater,366.1991.26,Painting,Painting & Sculpture,1991-12-09,N,186389,,,,,,,10.2,,,14.9,,,
I Got Up...,On Kawara,3030,"(Japanese, 1933–2014)",(Japanese),(1933),(0),(male),1977,Ink and stamps on postcard,"Each (postcard, sight): 4 x 5 7/8"" (10.2 x 14.9cm)",Gift of Angela Westwater,366.1991.27,Painting,Painting & Sculpture,1991-12-09,N,186390,,,,,,,10.2,,,14.9,,,
The Road to Mandalay,Batiste Madalena,35204,"(American, 1902–1988)",(American),(1902),(1988),(male),1926,Poster,,Purchase from the Katten Family,F2016.105,Painting,Film,2016-02-10,Y,202415,https://www.moma.org/collection/works/202415,https://www.moma.org/media/W1siZiIsIjM0MjUyMSJdLFsicCIsImNvbnZlcnQiLCItcmVzaXplIDEwMjR4MTAyNFx1MDAzZSJdXQ.jpg?sha=9d91611f768cac87,,,,,,,,,,,
"MAY 20, 1967",On Kawara,3030,"(Japanese, 1933–2014)",(Japanese),(1933),(0),(male),1967,Acrylic on canvas,"13 × 17"" (33 × 43.2 cm)",Gift of the Drue Heinz Trust (by exchange),1235.2018.1-2,Painting,Painting & Sculpture,2018-12-05,Y,293592,https://www.moma.org/collection/works/293592,https://www.moma.org/media/W1siZiIsIjQ1NzQxMSJdLFsicCIsImNvbnZlcnQiLCItcmVzaXplIDEwMjR4MTAyNFx1MDAzZSJdXQ.jpg?sha=96546052bb51d2f5,"""MoMA, Floor 4, 413""",,0.0,,33.0200660401,,,43.1800863602,,,
2 AUG. 1988,On Kawara,3030,"(Japanese, 1933–2014)",(Japanese),(1933),(0),(male),1988,Acrylic on canvas,"10 × 13"" (25.4 × 33 cm)",Committee on Painting and Sculpture Funds,1236.2018.1-2,Painting,Painting & Sculpture,2018-12-05,Y,293593,https://www.moma.org/collection/works/293593,https://www.moma.org/media/W1siZiIsIjQ1NzQxMiJdLFsicCIsImNvbnZlcnQiLCItcmVzaXplIDEwMjR4MTAyNFx1MDAzZSJdXQ.jpg?sha=0dffa513ce0b0518,,,0.0,,25.4000508001,,,33.0200660401,,,
5 JUIN 2006,On Kawara,3030,"(Japanese, 1933–2014)",(Japanese),(1933),(0),(male),2006,Acrylic on canvas,"10 × 13 1/2"" (25.4 × 34.3 cm)",Gift of Ronnie Heyman in honor of Marie-Josée Kravis and Jerry Speyer,1237.2018.1-2,Painting,Painting & Sculpture,2018-12-05,Y,293594,https://www.moma.org/collection/works/293594,https://www.moma.org/media/W1siZiIsIjQ1NzQxMyJdLFsicCIsImNvbnZlcnQiLCItcmVzaXplIDEwMjR4MTAyNFx1MDAzZSJdXQ.jpg?sha=a6491324095536c6,,,0.0,,25.4000508001,,,34.2900685801,,,
"JAN. 11, 2012",On Kawara,3030,"(Japanese, 1933–2014)",(Japanese),(1933),(0),(male),2012,Acrylic on canvas,"8 × 10"" (20.3 × 25.4 cm)",Committee on Painting and Sculpture Funds,1238.2018.1-2,Painting,Painting & Sculpture,2018-12-05,Y,293595,https://www.moma.org/collection/works/293595,https://www.moma.org/media/W1siZiIsIjQ1NzQxNCJdLFsicCIsImNvbnZlcnQiLCItcmVzaXplIDEwMjR4MTAyNFx1MDAzZSJdXQ.jpg?sha=832bed20a61a391f,,,0.0,,20.3200406401,,,25.4000508001,,,
